{
  "id": "",
  "name": "",
  "font_family": "iconfont",
  "css_prefix_text": "icon-",
  "description": "",
  "glyphs": [
    {
      "icon_id": "5095140",
      "name": "Start OP",
      "font_class": "StartOP",
      "unicode": "e67f",
      "unicode_decimal": 59007
    },
    {
      "icon_id": "8127498",
      "name": "fork",
      "font_class": "fork",
      "unicode": "e7bc",
      "unicode_decimal": 59324
    },
    {
      "icon_id": "8170728",
      "name": "End",
      "font_class": "End",
      "unicode": "e7ae",
      "unicode_decimal": 59310
    },
    {
      "icon_id": "9515780",
      "name": "lane-divide-three",
      "font_class": "icon",
      "unicode": "e582",
      "unicode_decimal": 58754
    },
    {
      "icon_id": "10203093",
      "name": "process",
      "font_class": "jincheng",
      "unicode": "e617",
      "unicode_decimal": 58903
    },
    {
      "icon_id": "12746545",
      "name": "join",
      "font_class": "gaibanxianxingtubiao-",
      "unicode": "e618",
      "unicode_decimal": 58904
    }
  ]
}
