/*
需要先创建openauthpro数据库
*/


-- ----------------------------
-- Table structure for application
-- ----------------------------
DROP TABLE IF EXISTS `application`;
CREATE TABLE `application`  (
  `Id` varchar(50) CHARACTER SET utf8 COLLATE utf8_general_ci NOT NULL COMMENT 'AppId',
  `Name` varchar(255) CHARACTER SET utf8 COLLATE utf8_general_ci NOT NULL COMMENT '应用名称',
  `AppSecret` varchar(255) CHARACTER SET utf8 COLLATE utf8_general_ci NULL DEFAULT NULL COMMENT '应用密钥',
  `Description` varchar(255) CHARACTER SET utf8 COLLATE utf8_general_ci NULL DEFAULT NULL COMMENT '应用描述',
  `Icon` varchar(255) CHARACTER SET utf8 COLLATE utf8_general_ci NULL DEFAULT NULL COMMENT '应用图标',
  `Disable` tinyint(4) NOT NULL COMMENT '是否可用',
  `CreateTime` date NOT NULL COMMENT '创建日期',
  `CreateUser` varchar(50) CHARACTER SET utf8 COLLATE utf8_general_ci NULL DEFAULT NULL COMMENT '创建人',
  PRIMARY KEY (`Id`) USING BTREE
) ENGINE = InnoDB CHARACTER SET = utf8 COLLATE = utf8_general_ci COMMENT = '应用' ROW_FORMAT = Compact;

-- ----------------------------
-- Records of application
-- ----------------------------
INSERT INTO `application` VALUES ('110', 'OpenAuth.Net', 'openauthdotnetyubaolee', '最好用的.NET权限工作流框架', NULL, 0, '2018-04-14', NULL);
INSERT INTO `application` VALUES ('119', 'XXX管理平台', 'manageryubaolee', '这是一个第三的平台', NULL, 0, '2018-04-14', NULL);

-- ----------------------------
-- Table structure for buildertable
-- ----------------------------
DROP TABLE IF EXISTS `buildertable`;
CREATE TABLE `buildertable`  (
  `Id` varchar(50) CHARACTER SET utf8 COLLATE utf8_general_ci NOT NULL COMMENT '编号',
  `TableName` varchar(200) CHARACTER SET utf8 COLLATE utf8_general_ci NOT NULL COMMENT '表英文全称',
  `Comment` varchar(200) CHARACTER SET utf8 COLLATE utf8_general_ci NULL DEFAULT NULL COMMENT '表描述、中文名称',
  `DetailTableName` varchar(200) CHARACTER SET utf8 COLLATE utf8_general_ci NULL DEFAULT NULL COMMENT '子表英文全称',
  `DetailComment` varchar(200) CHARACTER SET utf8 COLLATE utf8_general_ci NULL DEFAULT NULL COMMENT '子表描述、中文名称',
  `ClassName` varchar(200) CHARACTER SET utf8 COLLATE utf8_general_ci NOT NULL COMMENT '实体类名称',
  `Namespace` varchar(300) CHARACTER SET utf8 COLLATE utf8_general_ci NULL DEFAULT NULL COMMENT '命名空间',
  `ModuleCode` varchar(255) CHARACTER SET utf8 COLLATE utf8_general_ci NULL DEFAULT NULL COMMENT '模块标识',
  `ModuleName` varchar(200) CHARACTER SET utf8 COLLATE utf8_general_ci NULL DEFAULT NULL COMMENT '模块名称',
  `Folder` varchar(500) CHARACTER SET utf8 COLLATE utf8_general_ci NULL DEFAULT NULL COMMENT '代码相对文件夹路径',
  `Options` varchar(1000) CHARACTER SET utf8 COLLATE utf8_general_ci NULL DEFAULT NULL COMMENT '其它生成选项',
  `TypeId` varchar(50) CHARACTER SET utf8 COLLATE utf8_general_ci NULL DEFAULT NULL COMMENT '分类ID',
  `TypeName` varchar(20) CHARACTER SET utf8 COLLATE utf8_general_ci NULL DEFAULT NULL COMMENT '分类名称',
  `CreateTime` datetime(0) NOT NULL COMMENT '创建时间',
  `CreateUserId` varchar(50) CHARACTER SET utf8 COLLATE utf8_general_ci NULL DEFAULT NULL COMMENT '创建人ID',
  `UpdateTime` datetime(0) NULL DEFAULT NULL COMMENT '修改时间',
  `UpdateUserId` varchar(50) CHARACTER SET utf8 COLLATE utf8_general_ci NULL DEFAULT NULL COMMENT '修改人ID',
  `UpdateUserName` varchar(50) CHARACTER SET utf8 COLLATE utf8_general_ci NULL DEFAULT NULL COMMENT '修改人姓名',
  `CreateUserName` varchar(50) CHARACTER SET utf8 COLLATE utf8_general_ci NULL DEFAULT NULL COMMENT '创建人姓名',
  PRIMARY KEY (`Id`) USING BTREE
) ENGINE = InnoDB CHARACTER SET = utf8 COLLATE = utf8_general_ci COMMENT = '代码生成器的表信息' ROW_FORMAT = Dynamic;

-- ----------------------------
-- Records of buildertable
-- ----------------------------
INSERT INTO `buildertable` VALUES ('03761b53-e229-4e0e-b7b1-2831bdc84384', 'Stock', '请在自己的电脑测试，服务器是看不出效果的', '', '', 'Stock', 'OpenAuth.Repository.Domain', 'StockApp', '仓储', 'D:/OpenAuth.Pro/Client', '', '', '', '2020-09-29 00:52:58', '00000000-0000-0000-0000-000000000000', '2020-09-29 01:01:17', '00000000-0000-0000-0000-000000000000', '超级管理员', '超级管理员');

-- ----------------------------
-- Table structure for buildertablecolumn
-- ----------------------------
DROP TABLE IF EXISTS `buildertablecolumn`;
CREATE TABLE `buildertablecolumn`  (
  `Id` varchar(50) CHARACTER SET utf8 COLLATE utf8_general_ci NOT NULL COMMENT '编号',
  `TableId` varchar(50) CHARACTER SET utf8 COLLATE utf8_general_ci NOT NULL COMMENT '归属表编号',
  `TableName` varchar(255) CHARACTER SET utf8 COLLATE utf8_general_ci NULL DEFAULT NULL COMMENT '表名称',
  `ColumnName` varchar(200) CHARACTER SET utf8 COLLATE utf8_general_ci NULL DEFAULT NULL COMMENT '列名称',
  `Comment` varchar(200) CHARACTER SET utf8 COLLATE utf8_general_ci NULL DEFAULT NULL COMMENT '列描述',
  `ColumnType` varchar(100) CHARACTER SET utf8 COLLATE utf8_general_ci NULL DEFAULT NULL COMMENT '列类型',
  `EntityType` varchar(50) CHARACTER SET utf8 COLLATE utf8_general_ci NULL DEFAULT NULL COMMENT '实体类型',
  `EntityName` varchar(200) CHARACTER SET utf8 COLLATE utf8_general_ci NULL DEFAULT NULL COMMENT '实体名称',
  `IsKey` tinyint(1) NOT NULL DEFAULT 0 COMMENT '是否主键',
  `IsIncrement` tinyint(1) NOT NULL DEFAULT 0 COMMENT '是否自增',
  `IsRequired` tinyint(1) NOT NULL DEFAULT 0 COMMENT '是否必填',
  `IsInsert` tinyint(1) NOT NULL DEFAULT 0 COMMENT '是否为插入字段',
  `IsEdit` tinyint(1) NOT NULL DEFAULT 0 COMMENT '是否编辑字段',
  `IsList` tinyint(1) NOT NULL DEFAULT 0 COMMENT '是否列表字段',
  `IsQuery` tinyint(1) NOT NULL DEFAULT 0 COMMENT '是否查询字段',
  `QueryType` varchar(200) CHARACTER SET utf8 COLLATE utf8_general_ci NULL DEFAULT NULL COMMENT '查询方式（等于、不等于、大于、小于、范围）',
  `HtmlType` varchar(200) CHARACTER SET utf8 COLLATE utf8_general_ci NULL DEFAULT NULL COMMENT '显示类型（文本框、文本域、下拉框、复选框、单选框、日期控件）',
  `DataSource` varchar(255) CHARACTER SET utf8 COLLATE utf8_general_ci NULL DEFAULT NULL COMMENT '数据源（用于下拉框、复选框等取值）',
  `EditType` varchar(200) CHARACTER SET utf8 COLLATE utf8_general_ci NULL DEFAULT NULL COMMENT '编辑类型（文本框、文本域、下拉框、复选框、单选框、日期控件）',
  `Sort` int(11) NOT NULL DEFAULT 0 COMMENT '排序',
  `CreateTime` datetime(0) NOT NULL COMMENT '创建时间',
  `CreateUserId` varchar(50) CHARACTER SET utf8 COLLATE utf8_general_ci NULL DEFAULT NULL COMMENT '创建人ID',
  `UpdateTime` datetime(0) NULL DEFAULT NULL COMMENT '修改时间',
  `UpdateUserId` varchar(50) CHARACTER SET utf8 COLLATE utf8_general_ci NULL DEFAULT NULL COMMENT '修改人ID',
  `EditRow` int(11) NULL DEFAULT NULL COMMENT '修改时的行位置',
  `EditCol` int(11) NULL DEFAULT NULL COMMENT '修改时的列位置',
  `UpdateUserName` varchar(50) CHARACTER SET utf8 COLLATE utf8_general_ci NULL DEFAULT NULL COMMENT '修改人姓名',
  `CreateUserName` varchar(50) CHARACTER SET utf8 COLLATE utf8_general_ci NULL DEFAULT NULL COMMENT '创建人姓名',
  `MaxLength` int(11) NULL DEFAULT NULL COMMENT '最大长度',
  PRIMARY KEY (`Id`) USING BTREE
) ENGINE = InnoDB CHARACTER SET = utf8 COLLATE = utf8_general_ci COMMENT = '代码生成器的字段信息' ROW_FORMAT = Dynamic;

-- ----------------------------
-- Records of buildertablecolumn
-- ----------------------------
INSERT INTO `buildertablecolumn` VALUES ('3d1b1192-aad3-4a6f-9770-ecf486bc4cc0', '03761b53-e229-4e0e-b7b1-2831bdc84384', 'Stock', 'Status', '出库/入库', 'int', 'int', 'Status', 0, 0, 1, 1, 1, 1, 0, '', '', 'COMMON_STATUS', 'select', 6, '2020-09-29 00:52:58', '00000000-0000-0000-0000-000000000000', '2020-09-29 01:00:41', '00000000-0000-0000-0000-000000000000', NULL, NULL, '超级管理员', '超级管理员', NULL);
INSERT INTO `buildertablecolumn` VALUES ('4b52a996-4f4d-4a7c-b068-091d1a378b4c', '03761b53-e229-4e0e-b7b1-2831bdc84384', 'Stock', 'OrgId', '组织ID', 'varchar', 'string', 'OrgId', 0, 0, 0, 1, 1, 1, 0, '', '', NULL, '', 4, '2020-09-29 00:52:58', '00000000-0000-0000-0000-000000000000', '2020-09-29 01:00:37', '00000000-0000-0000-0000-000000000000', NULL, NULL, '超级管理员', '超级管理员', 50);
INSERT INTO `buildertablecolumn` VALUES ('56f222a5-bce9-4ae9-acfc-a6c7de0c6dfa', '03761b53-e229-4e0e-b7b1-2831bdc84384', 'Stock', 'Name', '产品名称', 'text', 'string', 'Name', 0, 0, 1, 1, 1, 1, 0, '', '', NULL, 'text', 2, '2020-09-29 00:52:58', '00000000-0000-0000-0000-000000000000', '2020-09-29 01:00:31', '00000000-0000-0000-0000-000000000000', NULL, NULL, '超级管理员', '超级管理员', 0);
INSERT INTO `buildertablecolumn` VALUES ('67a497dd-19b5-44d6-9804-6b8c0769cef0', '03761b53-e229-4e0e-b7b1-2831bdc84384', 'Stock', 'Viewable', '可见范围', 'varchar', 'string', 'Viewable', 0, 0, 1, 1, 1, 1, 0, '', '', NULL, '', 9, '2020-09-29 00:52:58', '00000000-0000-0000-0000-000000000000', '2020-09-29 01:00:47', '00000000-0000-0000-0000-000000000000', NULL, NULL, '超级管理员', '超级管理员', 50);
INSERT INTO `buildertablecolumn` VALUES ('73759b1d-df4a-4c88-879e-503196604f67', '03761b53-e229-4e0e-b7b1-2831bdc84384', 'Stock', 'Time', '操作时间', 'datetime', 'DateTime', 'Time', 0, 0, 1, 1, 1, 1, 0, '', '', NULL, 'date', 7, '2020-09-29 00:52:58', '00000000-0000-0000-0000-000000000000', '2020-09-29 01:00:43', '00000000-0000-0000-0000-000000000000', NULL, NULL, '超级管理员', '超级管理员', NULL);
INSERT INTO `buildertablecolumn` VALUES ('8effdc32-477a-44a4-a0e6-3e58c5631307', '03761b53-e229-4e0e-b7b1-2831bdc84384', 'Stock', 'Price', '产品单价', 'decimal', 'decimal', 'Price', 0, 0, 1, 1, 1, 1, 0, '', '', NULL, 'decimal', 5, '2020-09-29 00:52:58', '00000000-0000-0000-0000-000000000000', '2020-09-29 01:00:38', '00000000-0000-0000-0000-000000000000', NULL, NULL, '超级管理员', '超级管理员', NULL);
INSERT INTO `buildertablecolumn` VALUES ('b7f96e95-0adf-4dfe-a153-5048f778a518', '03761b53-e229-4e0e-b7b1-2831bdc84384', 'Stock', 'Number', '产品数量', 'int', 'int', 'Number', 0, 0, 1, 1, 1, 1, 0, '', '', NULL, 'number', 3, '2020-09-29 00:52:58', '00000000-0000-0000-0000-000000000000', '2020-09-29 01:00:35', '00000000-0000-0000-0000-000000000000', NULL, NULL, '超级管理员', '超级管理员', NULL);
INSERT INTO `buildertablecolumn` VALUES ('bd084fcd-b00b-41b1-85c4-ea856eda4bc1', '03761b53-e229-4e0e-b7b1-2831bdc84384', 'Stock', 'Id', '数据ID', 'varchar', 'string', 'Id', 1, 0, 1, 1, 1, 1, 0, '', '', NULL, '', 1, '2020-09-29 00:52:58', '00000000-0000-0000-0000-000000000000', '2020-09-29 01:00:27', '00000000-0000-0000-0000-000000000000', NULL, NULL, '超级管理员', '超级管理员', 50);
INSERT INTO `buildertablecolumn` VALUES ('d2366b5d-992f-4f68-b08d-ebd01962c55c', '03761b53-e229-4e0e-b7b1-2831bdc84384', 'Stock', 'User', '操作人', 'varchar', 'string', 'User', 0, 0, 1, 1, 1, 1, 0, '', '', NULL, '', 8, '2020-09-29 00:52:58', '00000000-0000-0000-0000-000000000000', '2020-09-29 01:00:45', '00000000-0000-0000-0000-000000000000', NULL, NULL, '超级管理员', '超级管理员', 50);

-- ----------------------------
-- Table structure for category
-- ----------------------------
DROP TABLE IF EXISTS `category`;
CREATE TABLE `category`  (
  `Id` varchar(50) CHARACTER SET utf8 COLLATE utf8_general_ci NOT NULL,
  `Name` varchar(255) CHARACTER SET utf8 COLLATE utf8_general_ci NOT NULL DEFAULT ' ' COMMENT '分类名称或描述',
  `DtCode` varchar(50) CHARACTER SET utf8 COLLATE utf8_general_ci NOT NULL COMMENT '分类标识',
  `DtValue` varchar(50) CHARACTER SET utf8 COLLATE utf8_general_ci NULL DEFAULT NULL COMMENT '通常与分类标识一致，但万一有不一样的情况呢？',
  `Enable` tinyint(1) NOT NULL DEFAULT 0,
  `SortNo` int(11) NOT NULL DEFAULT 0 COMMENT '排序号',
  `Description` varchar(500) CHARACTER SET utf8 COLLATE utf8_general_ci NULL DEFAULT NULL,
  `TypeId` varchar(50) CHARACTER SET utf8 COLLATE utf8_general_ci NULL DEFAULT NULL,
  `CreateTime` datetime(0) NOT NULL DEFAULT CURRENT_TIMESTAMP(0) COMMENT '创建时间',
  `CreateUserId` varchar(50) CHARACTER SET utf8 COLLATE utf8_general_ci NOT NULL COMMENT '创建人ID',
  `CreateUserName` varchar(200) CHARACTER SET utf8 COLLATE utf8_general_ci NOT NULL COMMENT '创建人',
  `UpdateTime` datetime(0) NULL DEFAULT NULL COMMENT '最后更新时间',
  `UpdateUserId` varchar(50) CHARACTER SET utf8 COLLATE utf8_general_ci NULL DEFAULT NULL COMMENT '最后更新人ID',
  `UpdateUserName` varchar(200) CHARACTER SET utf8 COLLATE utf8_general_ci NULL DEFAULT NULL COMMENT '最后更新人',
  PRIMARY KEY (`Id`) USING BTREE
) ENGINE = InnoDB CHARACTER SET = utf8 COLLATE = utf8_bin COMMENT = '分类表，也可用作数据字典。表示一个全集，比如：男、女、未知。关联的分类类型表示按什么进行的分类，如：按照性别对人类对象集' ROW_FORMAT = Compact;

-- ----------------------------
-- Records of category
-- ----------------------------
INSERT INTO `category` VALUES ('01a2736c-cebe-43a2-8068-7e3f88fa7c23', '审核', 'SYS_ORDERSTATUS_CHECK', 'SYS_ORDERSTATUS_CHECK', 1, 0, '', 'SYS_ORDERSTATUS', '2019-10-29 21:20:40', '00000000-0000-0000-0000-000000000000', '超级管理员', '2019-10-29 21:20:40', '', '');
INSERT INTO `category` VALUES ('08776116-d1bf-40d1-b7ff-78b7392f4aef', '自提', 'SYS_SHIPTYPE_NORMAL', 'SYS_SHIPTYPE_NORMAL', 1, 0, '', 'SYS_SHIPTYPE', '2019-11-07 01:19:12', '00000000-0000-0000-0000-000000000000', '超级管理员', '2019-11-07 01:19:12', '', '');
INSERT INTO `category` VALUES ('1979955b-901d-4394-8a3c-f81c32970365', '中药材', 'SYS_GOODSTYPE_TCM', 'SYS_GOODSTYPE_TCM', 1, 0, '', 'SYS_GOODSTYPE', '2019-11-07 01:17:36', '00000000-0000-0000-0000-000000000000', '超级管理员', '2019-11-07 01:17:36', '', '');
INSERT INTO `category` VALUES ('354f50b7-0d93-43d6-a721-a4931c650ea3', '创建', 'SYS_ORDERSTATUS_CREATE', 'SYS_ORDERSTATUS_CREATE', 1, 0, '', 'SYS_ORDERSTATUS', '2019-10-29 21:20:02', '00000000-0000-0000-0000-000000000000', '超级管理员', '2019-10-29 21:20:02', '', '');
INSERT INTO `category` VALUES ('400c37f2-52d6-4854-956d-4e6d08cdf643', '正常', 'COMMON_STATUS_OK', '0', 0, 0, '', 'COMMON_STATUS', '2020-09-29 00:54:24', '00000000-0000-0000-0000-000000000000', '超级管理员', '2020-09-29 00:54:24', '', '');
INSERT INTO `category` VALUES ('43303bfb-11e3-4e12-8cdd-2ef090017e4c', '样品入库', 'SYS_INBOUNDTYPE_SAMPLE', 'SYS_INBOUNDTYPE_SAMPLE', 1, 0, '', 'SYS_INBOUNDTYPE', '2019-11-07 00:51:26', '00000000-0000-0000-0000-000000000000', '超级管理员', '2019-11-07 00:51:26', '', '');
INSERT INTO `category` VALUES ('4de1cf0d-b1f5-44f7-a329-4b5fcff73ca6', '普药', 'SYS_GOODSTYPE_COMMON', 'SYS_GOODSTYPE_COMMON', 1, 0, '', 'SYS_GOODSTYPE', '2019-11-07 01:15:35', '00000000-0000-0000-0000-000000000000', '超级管理员', '2019-11-07 01:15:35', '', '');
INSERT INTO `category` VALUES ('52f662c3-39bc-4f5a-9730-107cf26b12f0', '直送', 'SYS_SHIPTYPE_DIRECT', 'SYS_SHIPTYPE_DIRECT', 1, 0, '', 'SYS_SHIPTYPE', '2019-11-07 01:19:41', '00000000-0000-0000-0000-000000000000', '超级管理员', '2019-11-07 01:19:41', '', '');
INSERT INTO `category` VALUES ('77a7f565-cb5c-4876-a139-7901e54b5dde', '正常', 'SYS_STATUS_OK', '0', 0, 0, '', 'SYS_STATUS', '2019-11-06 10:38:46', '00000000-0000-0000-0000-000000000000', '超级管理员', '2019-11-06 10:38:46', '', '');
INSERT INTO `category` VALUES ('7fbeb155-8fbb-44ce-a726-2a6fea7920d5', '异常', 'SYS_STATUS_ERROR', '1', 1, 0, '', 'SYS_STATUS', '2019-11-06 10:39:24', '00000000-0000-0000-0000-000000000000', '超级管理员', '2019-11-06 10:39:24', '', '');
INSERT INTO `category` VALUES ('845ef9f2-4d33-4887-acf0-6d45fdf5e05c', 'EMS', 'SYS_SHIPTYPE_EMS', 'SYS_SHIPTYPE_EMS', 1, 0, '', 'SYS_SHIPTYPE', '2019-11-07 01:20:45', '00000000-0000-0000-0000-000000000000', '超级管理员', '2019-11-07 01:20:45', '', '');
INSERT INTO `category` VALUES ('86b8d963-63b6-4936-87b1-af248cd26c44', '已完成', 'SYS_ORDERSTATUS_FINISHED', 'SYS_ORDERSTATUS_FINISHED', 1, 0, '', 'SYS_ORDERSTATUS', '2019-10-29 21:27:32', '00000000-0000-0000-0000-000000000000', '超级管理员', '2019-10-29 21:27:32', '', '');
INSERT INTO `category` VALUES ('8dcbc59a-c045-4e06-ad13-095cfe9a3209', '销退入库', 'SYS_INBOUNDTYPE_RETURN', 'SYS_INBOUNDTYPE_RETURN', 1, 0, '', 'SYS_INBOUNDTYPE', '2019-11-07 00:52:04', '00000000-0000-0000-0000-000000000000', '超级管理员', '2019-11-07 00:52:04', '', '');
INSERT INTO `category` VALUES ('a4017f4d-c113-4ec9-bdcb-d9c49019a916', '生物制品', 'SYS_GOODSTYPE_BIOLPROD', 'SYS_GOODSTYPE_BIOLPROD', 1, 0, '', 'SYS_GOODSTYPE', '2019-11-07 01:16:59', '00000000-0000-0000-0000-000000000000', '超级管理员', '2019-11-07 01:16:59', '', '');
INSERT INTO `category` VALUES ('b44bb9f4-166c-4c59-a693-baacd01d2db4', '4+7集中采购', 'SYS_SHIPTYPE_FREIGHT', 'SYS_SHIPTYPE_FREIGHT', 1, 0, '', 'SYS_SHIPTYPE', '2019-11-07 01:20:21', '00000000-0000-0000-0000-000000000000', '超级管理员', '2019-11-07 01:20:21', '', '');
INSERT INTO `category` VALUES ('b77f4a7d-0d22-47dd-97d1-7f8ccd9e5f77', '采购入库', 'SYS_INBOUNDTYPE_PURCHASE', 'SYS_INBOUNDTYPE_PURCHASE', 1, 0, '', 'SYS_INBOUNDTYPE', '2019-11-07 00:50:51', '00000000-0000-0000-0000-000000000000', '超级管理员', '2019-11-07 00:50:51', '', '');
INSERT INTO `category` VALUES ('c3ce85b1-0115-47d4-b562-1bbcc51105e2', '食品', 'SYS_GOODSTYPE_FOOD', 'SYS_GOODSTYPE_FOOD', 1, 0, '', 'SYS_GOODSTYPE', '2019-11-07 01:17:58', '00000000-0000-0000-0000-000000000000', '超级管理员', '2019-11-07 01:17:58', '', '');
INSERT INTO `category` VALUES ('faef67e8-48e4-44e5-981c-eebb78d79a0f', '已处理', 'SYS_ORDERSTATUS_DISPOSED', 'SYS_ORDERSTATUS_DISPOSED', 1, 0, '', 'SYS_ORDERSTATUS', '2019-10-29 21:27:05', '00000000-0000-0000-0000-000000000000', '超级管理员', '2019-10-29 21:27:05', '', '');
INSERT INTO `category` VALUES ('fe1f7181-d3d0-4b0e-b9b3-5d05b503ff0e', '医疗器械', 'SYS_GOODSTYPE_MEDINSTR', 'SYS_GOODSTYPE_MEDINSTR', 1, 0, '', 'SYS_GOODSTYPE', '2019-11-07 01:16:02', '00000000-0000-0000-0000-000000000000', '超级管理员', '2019-11-07 01:16:02', '', '');
INSERT INTO `category` VALUES ('ffbb5c54-9ee1-4eb8-89dc-79fde3b4824c', '异常', 'COMMON_STATUS_ERROR', '1', 0, 1, '', 'COMMON_STATUS', '2020-09-29 00:54:51', '00000000-0000-0000-0000-000000000000', '超级管理员', '2020-09-29 00:54:51', '', '');

-- ----------------------------
-- Table structure for categorytype
-- ----------------------------
DROP TABLE IF EXISTS `categorytype`;
CREATE TABLE `categorytype`  (
  `Id` varchar(50) CHARACTER SET utf8 COLLATE utf8_general_ci NOT NULL COMMENT '分类表ID',
  `Name` varchar(255) CHARACTER SET utf8 COLLATE utf8_general_ci NOT NULL COMMENT '名称',
  `CreateTime` datetime(0) NOT NULL COMMENT '创建时间',
  PRIMARY KEY (`Id`) USING BTREE
) ENGINE = InnoDB CHARACTER SET = utf8 COLLATE = utf8_general_ci COMMENT = '分类类型' ROW_FORMAT = Compact;

-- ----------------------------
-- Records of categorytype
-- ----------------------------
INSERT INTO `categorytype` VALUES ('COMMON_STATUS', '状态', '2020-09-29 00:53:40');
INSERT INTO `categorytype` VALUES ('SYS_CUSTTYPE', '客户类型', '2019-11-07 00:49:50');
INSERT INTO `categorytype` VALUES ('SYS_GOODSTYPE', '商品类别', '2019-11-07 00:48:47');
INSERT INTO `categorytype` VALUES ('SYS_INBOUNDTYPE', '入库类型', '2019-11-07 00:48:08');
INSERT INTO `categorytype` VALUES ('SYS_ORDERSTATUS', '订单状态', '2019-10-29 21:18:56');
INSERT INTO `categorytype` VALUES ('SYS_ORDERTYPE', '订单类型', '2019-10-29 21:18:32');
INSERT INTO `categorytype` VALUES ('SYS_SHIPTYPE', '承运方式', '2019-11-07 00:47:36');
INSERT INTO `categorytype` VALUES ('SYS_STATUS', '系统状态', '2019-11-06 10:38:17');
INSERT INTO `categorytype` VALUES ('USERTYPE', '按用户类型分类', '2017-11-29 21:27:42');

-- ----------------------------
-- Table structure for dataprivilegerule
-- ----------------------------
DROP TABLE IF EXISTS `dataprivilegerule`;
CREATE TABLE `dataprivilegerule`  (
  `Id` varchar(50) CHARACTER SET utf8 COLLATE utf8_general_ci NOT NULL COMMENT '数据ID',
  `SourceCode` varchar(50) CHARACTER SET utf8 COLLATE utf8_general_ci NOT NULL COMMENT '资源标识（模块编号）',
  `SubSourceCode` varchar(50) CHARACTER SET utf8 COLLATE utf8_general_ci NULL DEFAULT NULL COMMENT '二级资源标识',
  `Description` varchar(255) CHARACTER SET utf8 COLLATE utf8_general_ci NOT NULL DEFAULT ' ' COMMENT '权限描述',
  `SortNo` int(11) NOT NULL DEFAULT 0 COMMENT '排序号',
  `PrivilegeRules` varchar(1000) CHARACTER SET utf8 COLLATE utf8_general_ci NOT NULL DEFAULT ' ' COMMENT '权限规则',
  `Enable` tinyint(1) NOT NULL DEFAULT 1 COMMENT '是否可用',
  `CreateTime` datetime(0) NOT NULL DEFAULT CURRENT_TIMESTAMP(0) COMMENT '创建时间',
  `CreateUserId` varchar(50) CHARACTER SET utf8 COLLATE utf8_general_ci NOT NULL COMMENT '创建人ID',
  `CreateUserName` varchar(200) CHARACTER SET utf8 COLLATE utf8_general_ci NOT NULL COMMENT '创建人',
  `UpdateTime` datetime(0) NULL DEFAULT NULL COMMENT '最后更新时间',
  `UpdateUserId` varchar(50) CHARACTER SET utf8 COLLATE utf8_general_ci NULL DEFAULT NULL COMMENT '最后更新人ID',
  `UpdateUserName` varchar(200) CHARACTER SET utf8 COLLATE utf8_general_ci NULL DEFAULT NULL COMMENT '最后更新人',
  PRIMARY KEY (`Id`) USING BTREE
) ENGINE = InnoDB CHARACTER SET = utf8 COLLATE = utf8_bin COMMENT = '系统授权规制表' ROW_FORMAT = Compact;

-- ----------------------------
-- Records of dataprivilegerule
-- ----------------------------
INSERT INTO `dataprivilegerule` VALUES ('5098523e-f038-4bc8-850f-9629cac3e4f6', 'Form', '', '只能看到用户自己对应部门的表单,System可以看到所有', 0, '{\"Operation\":\"or\",\"Filters\":[{\"Key\":\"OrgId\",\"Value\":\"{loginOrg}\",\"Contrast\":\"in\",\"names\":\"\",\"Text\":\"\"}]}', 1, '2020-03-18 23:36:05', '00000000-0000-0000-0000-000000000000', '', '2020-03-19 21:14:34', '00000000-0000-0000-0000-000000000000', '');
INSERT INTO `dataprivilegerule` VALUES ('6a96c5d9-a226-459d-a4e1-aefcbefc6915', 'WmsInboundOrderTbl', '', '【管理员】角色可以看所有人的订单，【测试】只能看自己创建的订单', 0, '{\"Operation\":\"or\",\"Filters\":[{\"Key\":\"{loginRole}\",\"Value\":\"09ee2ffa-7463-4938-ae0b-1cb4e80c7c13,77e6d0c3-f9e1-4933-92c3-c1c6eef75593\",\"Contrast\":\"contains\",\"names\":\"\",\"Text\":\"管理员,神\"}],\"Children\":[{\"Operation\":\"and\",\"Filters\":[{\"Key\":\"{loginRole}\",\"Value\":\"0a7ebd0c-78d6-4fbc-8fbe-6fc25c3a932d\",\"Contrast\":\"contains\",\"Text\":\"测试\"},{\"Key\":\"CreateUserId\",\"Value\":\"{loginUser}\",\"Contrast\":\"==\",\"Text\":\"\"}]}]}', 1, '2019-11-23 01:02:32', '00000000-0000-0000-0000-000000000000', '', '2019-11-23 01:02:32', '', '');
INSERT INTO `dataprivilegerule` VALUES ('ab177ea0-89f3-429e-8f0f-7a00819d8ef3', 'FlowScheme', '', 'System可以看到所有流程设计，【管理员】可以看到部门的，其他人只能看到自己的', 0, '{\"Operation\":\"or\",\"Filters\":[{\"Key\":\"CreateUserId\",\"Value\":\"{loginUser}\",\"Contrast\":\"==\",\"Text\":\"\"}],\"Children\":[{\"Operation\":\"and\",\"Filters\":[{\"Key\":\"OrgId\",\"Value\":\"{loginOrg}\",\"Contrast\":\"in\",\"Text\":\"\"},{\"Key\":\"{loginRole}\",\"Value\":\"09ee2ffa-7463-4938-ae0b-1cb4e80c7c13\",\"Contrast\":\"contains\",\"Text\":\"管理员\"}]}]}', 1, '2020-03-19 21:17:30', '00000000-0000-0000-0000-000000000000', '', '2020-03-19 21:57:47', '00000000-0000-0000-0000-000000000000', '');
INSERT INTO `dataprivilegerule` VALUES ('e7c95fb1-91f7-422e-a11a-73cea0c404b9', 'Resource', NULL, '【管理员】角色可以看所有人的资源，【测试】只能看自己创建的资源，账号test3/test4只能看属于（XXX管理平台）的资源', 0, '{\"Operation\":\"or\",\"Filters\":[{\"Key\":\"{loginRole}\",\"Value\":\"09ee2ffa-7463-4938-ae0b-1cb4e80c7c13\",\"Contrast\":\"contains\",\"Text\":\"管理员\"}],\"Children\":[{\"Operation\":\"and\",\"Filters\":[{\"Key\":\"{loginRole}\",\"Value\":\"0a7ebd0c-78d6-4fbc-8fbe-6fc25c3a932d\",\"Contrast\":\"contains\",\"Text\":\"测试\"},{\"Key\":\"CreateUserId\",\"Value\":\"{loginUser}\",\"Contrast\":\"==\",\"Text\":\"\"}]},{\"Operation\":\"and\",\"Filters\":[{\"Key\":\"AppName\",\"Value\":\"XXX管理平台\",\"Contrast\":\"==\",\"Text\":\"\"},{\"Key\":\"{loginUser}\",\"Value\":\"229f3a49-ab27-49ce-b383-9f10ca23a9d5,1df68dfd-3b6d-4491-872f-00a0fc6c5a64\",\"Contrast\":\"in\",\"Text\":\"test3,test4\"}]}]}', 1, '2019-10-29 11:05:02', '00000000-0000-0000-0000-000000000000', '', '2019-11-23 01:00:19', '00000000-0000-0000-0000-000000000000', '');

-- ----------------------------
-- Table structure for flowinstance
-- ----------------------------
DROP TABLE IF EXISTS `flowinstance`;
CREATE TABLE `flowinstance`  (
  `Id` varchar(50) CHARACTER SET utf8 COLLATE utf8_general_ci NOT NULL COMMENT '主键Id',
  `InstanceSchemeId` varchar(50) CHARACTER SET utf8 COLLATE utf8_general_ci NOT NULL COMMENT '流程实例模板Id',
  `Code` varchar(200) CHARACTER SET utf8 COLLATE utf8_general_ci NULL DEFAULT NULL COMMENT '实例编号',
  `CustomName` varchar(200) CHARACTER SET utf8 COLLATE utf8_general_ci NULL DEFAULT NULL COMMENT '自定义名称',
  `ActivityId` varchar(50) CHARACTER SET utf8 COLLATE utf8_general_ci NULL DEFAULT NULL COMMENT '当前节点ID',
  `ActivityType` int(11) NULL DEFAULT NULL COMMENT '当前节点类型（0会签节点）',
  `ActivityName` varchar(200) CHARACTER SET utf8 COLLATE utf8_general_ci NULL DEFAULT NULL COMMENT '当前节点名称',
  `PreviousId` varchar(50) CHARACTER SET utf8 COLLATE utf8_general_ci NULL DEFAULT NULL COMMENT '前一个ID',
  `SchemeContent` longtext CHARACTER SET utf8 COLLATE utf8_general_ci NULL COMMENT '流程模板内容',
  `SchemeId` varchar(50) CHARACTER SET utf8 COLLATE utf8_general_ci NULL DEFAULT NULL COMMENT '流程模板ID',
  `DbName` varchar(50) CHARACTER SET utf8 COLLATE utf8_general_ci NULL DEFAULT NULL COMMENT '数据库名称',
  `FrmData` longtext CHARACTER SET utf8 COLLATE utf8_general_ci NULL COMMENT '表单数据',
  `FrmType` int(11) NOT NULL COMMENT '表单类型',
  `FrmContentData` longtext CHARACTER SET utf8 COLLATE utf8_general_ci NULL COMMENT '表单中的控件属性描述',
  `FrmContentParse` longtext CHARACTER SET utf8 COLLATE utf8_general_ci NULL COMMENT '表单控件位置模板',
  `FrmId` varchar(50) CHARACTER SET utf8 COLLATE utf8_general_ci NULL DEFAULT NULL COMMENT '表单ID',
  `SchemeType` varchar(50) CHARACTER SET utf8 COLLATE utf8_general_ci NULL DEFAULT NULL COMMENT '流程类型',
  `Disabled` int(11) NOT NULL COMMENT '有效标志',
  `CreateDate` datetime(0) NOT NULL COMMENT '创建时间',
  `CreateUserId` varchar(50) CHARACTER SET utf8 COLLATE utf8_general_ci NULL DEFAULT NULL COMMENT '创建用户主键',
  `CreateUserName` varchar(50) CHARACTER SET utf8 COLLATE utf8_general_ci NULL DEFAULT NULL COMMENT '创建用户',
  `FlowLevel` int(11) NOT NULL COMMENT '等级',
  `Description` varchar(200) CHARACTER SET utf8 COLLATE utf8_general_ci NULL DEFAULT NULL COMMENT '实例备注',
  `IsFinish` int(11) NOT NULL COMMENT '是否完成',
  `MakerList` text CHARACTER SET utf8 COLLATE utf8_general_ci NULL COMMENT '执行人',
  `OrgId` varchar(50) CHARACTER SET utf8 COLLATE utf8_general_ci NULL DEFAULT NULL COMMENT '所属部门',
  PRIMARY KEY (`Id`) USING BTREE
) ENGINE = InnoDB CHARACTER SET = utf8 COLLATE = utf8_general_ci COMMENT = '工作流流程实例表' ROW_FORMAT = Compact;

-- ----------------------------
-- Records of flowinstance
-- ----------------------------
INSERT INTO `flowinstance` VALUES ('0c032786-daf3-44fd-a8e1-5326484ef2f6', '', '1581946370593', '带分支条件/普通动态表单的模板2020-02-17 21:32:53', 'node-f1e16c8afbc746ec8d97657b6ce7abeb', 2, '任务节点', 'start round mix-a81449b44c8e42c38a13f6c280887e41', '{\"nodes\":[{\"type\":\"start round mix\",\"name\":\"开始\",\"icon\":\"iconfont icon-StartOP\",\"belongto\":\"commonNodes\",\"id\":\"start round mix-a81449b44c8e42c38a13f6c280887e41\",\"height\":50,\"left\":3260,\"width\":50,\"top\":3035,\"setInfo\":{\"NodeRejectType\":0,\"NodeConfluenceType\":\"\",\"NodeDesignate\":\"\",\"ThirdPartyUrl\":\"\",\"NodeDesignateData\":{\"users\":[],\"roles\":[],\"Texts\":\"\"}}},{\"type\":\"node\",\"name\":\"任务节点\",\"icon\":\"el-icon-s-tools\",\"belongto\":\"commonNodes\",\"id\":\"node-f1e16c8afbc746ec8d97657b6ce7abeb\",\"height\":50,\"left\":3380,\"width\":120,\"top\":3030,\"setInfo\":{\"NodeRejectType\":0,\"NodeConfluenceType\":\"\",\"NodeDesignate\":\"ALL_USER\",\"ThirdPartyUrl\":\"\",\"NodeDesignateData\":{\"users\":[],\"roles\":[],\"Texts\":\"\"}}},{\"type\":\"end round\",\"name\":\"结束\",\"icon\":\"iconfont icon-End\",\"belongto\":\"commonNodes\",\"id\":\"end round-1fd43e907680452da6c5170c39126027\",\"height\":50,\"left\":3095,\"width\":50,\"top\":3520,\"setInfo\":{\"NodeRejectType\":0,\"NodeConfluenceType\":\"\",\"NodeDesignate\":\"\",\"ThirdPartyUrl\":\"\",\"NodeDesignateData\":{\"users\":[],\"roles\":[],\"Texts\":\"\"}}},{\"type\":\"node\",\"name\":\"test处理\",\"icon\":\"el-icon-s-tools\",\"belongto\":\"commonNodes\",\"id\":\"node-e13f6949b57c43e8b3211f8ede54721b\",\"height\":50,\"left\":3165,\"width\":120,\"top\":3235,\"setInfo\":{\"NodeRejectType\":0,\"NodeConfluenceType\":\"\",\"NodeDesignate\":\"SPECIAL_USER\",\"ThirdPartyUrl\":\"\",\"NodeDesignateData\":{\"users\":[\"6ba79766-faa0-4259-8139-a4a6d35784e0\"],\"roles\":[],\"Texts\":\"test\"}}},{\"type\":\"node\",\"name\":\"归档处理\",\"icon\":\"el-icon-s-tools\",\"belongto\":\"commonNodes\",\"id\":\"node-de7524e4595141c797de7f1c1cc078f1\",\"height\":50,\"left\":3165,\"width\":120,\"top\":3390,\"setInfo\":{\"NodeRejectType\":0,\"NodeConfluenceType\":\"\",\"NodeDesignate\":\"ALL_USER\",\"ThirdPartyUrl\":\"\",\"NodeDesignateData\":{\"users\":[],\"roles\":[],\"Texts\":\"\"}}},{\"type\":\"node\",\"name\":\"admin处理\",\"icon\":\"el-icon-s-tools\",\"belongto\":\"commonNodes\",\"id\":\"node-3b6ab94c2c8a40ce87bfc2ce49818c0d\",\"height\":50,\"left\":3505,\"width\":120,\"top\":3335,\"setInfo\":{\"NodeRejectType\":0,\"NodeConfluenceType\":\"\",\"NodeDesignate\":\"SPECIAL_USER\",\"ThirdPartyUrl\":\"\",\"NodeDesignateData\":{\"users\":[\"49df1602-f5f3-4d52-afb7-3802da619558\"],\"roles\":[],\"Texts\":\"admin\"}}}],\"lines\":[{\"type\":\"sl\",\"id\":\"link-83708c1b3d4e4e5882f14df403e9b06a\",\"from\":\"start round mix-a81449b44c8e42c38a13f6c280887e41\",\"to\":\"node-f1e16c8afbc746ec8d97657b6ce7abeb\",\"label\":\"\",\"cls\":{\"linkType\":\"Flowchart\",\"linkColor\":\"#2a2929\",\"linkThickness\":2}},{\"type\":\"sl\",\"id\":\"link-8427a585c660430fb7f65f86eda8a6eb\",\"from\":\"node-f1e16c8afbc746ec8d97657b6ce7abeb\",\"to\":\"node-e13f6949b57c43e8b3211f8ede54721b\",\"label\":\"小于等于3天\",\"cls\":{\"linkType\":\"Flowchart\",\"linkColor\":\"#2a2929\",\"linkThickness\":2},\"Compares\":[{\"FieldName\":\"DAYS\",\"Operation\":\"<=\",\"Value\":\"3\"}]},{\"type\":\"sl\",\"id\":\"link-963bfce8c7f04f178af39f736c629092\",\"from\":\"node-f1e16c8afbc746ec8d97657b6ce7abeb\",\"to\":\"node-3b6ab94c2c8a40ce87bfc2ce49818c0d\",\"label\":\"大于3天的\",\"cls\":{\"linkType\":\"Flowchart\",\"linkColor\":\"#2a2929\",\"linkThickness\":2},\"Compares\":[{\"FieldName\":\"DAYS\",\"Operation\":\">\",\"Value\":\"3\"}]},{\"type\":\"sl\",\"id\":\"link-54333e198f3149cb8a9140e8d8e92ef5\",\"from\":\"node-e13f6949b57c43e8b3211f8ede54721b\",\"to\":\"node-de7524e4595141c797de7f1c1cc078f1\",\"label\":\"\",\"cls\":{\"linkType\":\"Flowchart\",\"linkColor\":\"#2a2929\",\"linkThickness\":2}},{\"type\":\"sl\",\"id\":\"link-26f29454cd364a2db1c00bfb9282bac6\",\"from\":\"node-3b6ab94c2c8a40ce87bfc2ce49818c0d\",\"to\":\"node-de7524e4595141c797de7f1c1cc078f1\",\"label\":\"\",\"cls\":{\"linkType\":\"Flowchart\",\"linkColor\":\"#2a2929\",\"linkThickness\":2}},{\"type\":\"sl\",\"id\":\"link-28bef103c14640dc8828e568a5db2d4d\",\"from\":\"node-de7524e4595141c797de7f1c1cc078f1\",\"to\":\"end round-1fd43e907680452da6c5170c39126027\",\"label\":\"\",\"cls\":{\"linkType\":\"Flowchart\",\"linkColor\":\"#2a2929\",\"linkThickness\":2}}],\"attr\":{\"id\":\"flow-95196daaaa7c4a468783664aed350ca0\"},\"config\":{\"showGrid\":true,\"showGridText\":\"隐藏网格\",\"showGridIcon\":\"el-icon-view\"},\"status\":\"2\",\"remarks\":[]}', 'a0d4de72-dd69-4af4-8492-2908e37bc300', '', '{\"REASON\":\"身体原因\",\"DAYS\":\"10\",\"CUSTOME_NAME\":\"玉宝\"}', 0, '[{\"type\":\"text\",\"name\":\"REASON\",\"title\":\"REASON\",\"value\":\"身体原因\",\"leipiplugins\":\"text\",\"orghide\":\"0\",\"orgalign\":\"left\",\"orgwidth\":\"150\",\"orgtype\":\"text\",\"style\":\"text-align: left; width: 150px;\",\"content\":\"<input name=\\\"leipiNewField\\\" type=\\\"text\\\" title=\\\"REASON\\\" value=\\\"身体原因\\\" leipiplugins=\\\"text\\\" orghide=\\\"0\\\" orgalign=\\\"left\\\" orgwidth=\\\"150\\\" orgtype=\\\"text\\\" style=\\\"text-align: left; width: 150px;\\\"/>\"},{\"leipiplugins\":\"select\",\"name\":\"DAYS\",\"title\":\"DAYS\",\"size\":\"1\",\"orgwidth\":\"150\",\"style\":\"width: 150px;\",\"value\":\"1,3,5,10\",\"selected\":\"selected\",\"content\":\"<span leipiplugins=\\\"select\\\"><select name=\\\"leipiNewField\\\" title=\\\"DAYS\\\" leipiplugins=\\\"select\\\" size=\\\"1\\\" orgwidth=\\\"150\\\" style=\\\"width: 150px;\\\"><option value=\\\"1\\\" selected=\\\"selected\\\">1</option><option value=\\\"3\\\">3</option><option value=\\\"5\\\">5</option><option value=\\\"10\\\">10</option></select>&nbsp;&nbsp;</span>\"},{\"type\":\"text\",\"name\":\"CUSTOME_NAME\",\"title\":\"CUSTOME_NAME\",\"value\":\"玉宝\",\"leipiplugins\":\"text\",\"orghide\":\"0\",\"orgalign\":\"left\",\"orgwidth\":\"150\",\"orgtype\":\"text\",\"style\":\"text-align: left; width: 150px;\",\"content\":\"<input name=\\\"leipiNewField\\\" type=\\\"text\\\" title=\\\"CUSTOME_NAME\\\" value=\\\"玉宝\\\" leipiplugins=\\\"text\\\" orghide=\\\"0\\\" orgalign=\\\"left\\\" orgwidth=\\\"150\\\" orgtype=\\\"text\\\" style=\\\"text-align: left; width: 150px;\\\"/>\"}]', '<p style=\"text-align: center;\"><span style=\"font-size: 36px;\">请假条</span></p><p><span style=\"font-size: 36px;\"><br/></span></p><p style=\"text-align: center;\">因{REASON}，本人想请假{DAYS}天，望领导批准！</p><p><br/></p><p style=\"text-align: center;\">&nbsp; &nbsp; &nbsp; &nbsp; &nbsp; &nbsp; &nbsp; &nbsp; &nbsp; &nbsp; &nbsp; &nbsp; &nbsp; &nbsp; &nbsp; &nbsp; &nbsp; &nbsp; &nbsp; &nbsp; &nbsp; &nbsp; &nbsp; &nbsp; &nbsp; &nbsp; &nbsp; &nbsp; &nbsp;谢谢！</p><p><br/></p><p style=\"text-align: right;\">&nbsp; &nbsp; &nbsp; &nbsp; &nbsp; &nbsp; 申请人：{CUSTOME_NAME}</p>', 'ef89f96a-af33-407c-b02e-897faf46ecf0', '', 0, '2020-02-17 21:33:10', '00000000-0000-0000-0000-000000000000', 'System', 0, '多请点', 0, '1', NULL);
INSERT INTO `flowinstance` VALUES ('212e4f0f-9d6f-4688-a3d3-157605652abd', '', '1581946541250', '带有开发者自定义表单的流程2020-02-17 21:35:45', 'node-f72613d22b0e4a98b60e06e97e7cc29b', 2, '任意人可以审批', 'start round mix-62ca9d4aab654fe4bb032a7c7f3c0ffd', '{\"nodes\":[{\"type\":\"start round mix\",\"name\":\"开始\",\"icon\":\"iconfont icon-StartOP\",\"belongto\":\"commonNodes\",\"id\":\"start round mix-62ca9d4aab654fe4bb032a7c7f3c0ffd\",\"height\":50,\"left\":3030,\"width\":50,\"top\":3100,\"setInfo\":{\"NodeRejectType\":0,\"NodeConfluenceType\":\"\",\"NodeDesignate\":\"\",\"ThirdPartyUrl\":\"\",\"NodeDesignateData\":{\"users\":[],\"roles\":[],\"Texts\":\"\"}}},{\"type\":\"node\",\"name\":\"任意人可以审批\",\"icon\":\"el-icon-s-tools\",\"belongto\":\"commonNodes\",\"id\":\"node-f72613d22b0e4a98b60e06e97e7cc29b\",\"height\":50,\"left\":3170,\"width\":120,\"top\":3100,\"setInfo\":{\"NodeRejectType\":0,\"NodeConfluenceType\":\"\",\"NodeDesignate\":\"ALL_USER\",\"ThirdPartyUrl\":\"\",\"NodeDesignateData\":{\"users\":[],\"roles\":[],\"Texts\":\"\"}}},{\"type\":\"node\",\"name\":\"只能admin\",\"icon\":\"el-icon-s-tools\",\"belongto\":\"commonNodes\",\"id\":\"node-0a2137225503449d881548df2bed2645\",\"height\":50,\"left\":3170,\"width\":120,\"top\":3215,\"setInfo\":{\"NodeRejectType\":0,\"NodeConfluenceType\":\"\",\"NodeDesignate\":\"SPECIAL_USER\",\"ThirdPartyUrl\":\"\",\"NodeDesignateData\":{\"users\":[\"49df1602-f5f3-4d52-afb7-3802da619558\"],\"roles\":[],\"Texts\":\"admin\"}}},{\"type\":\"end round\",\"name\":\"结束\",\"icon\":\"iconfont icon-End\",\"belongto\":\"commonNodes\",\"id\":\"end round-a2e5f57d2dea46b286d807d544589365\",\"height\":50,\"left\":3375,\"width\":50,\"top\":3220,\"setInfo\":{\"NodeRejectType\":0,\"NodeConfluenceType\":\"\",\"NodeDesignate\":\"\",\"ThirdPartyUrl\":\"\",\"NodeDesignateData\":{\"users\":[],\"roles\":[],\"Texts\":\"\"}}}],\"lines\":[{\"type\":\"sl\",\"id\":\"link-a93b1e9c1114478087e02e9feed0d143\",\"from\":\"start round mix-62ca9d4aab654fe4bb032a7c7f3c0ffd\",\"to\":\"node-f72613d22b0e4a98b60e06e97e7cc29b\",\"label\":\"\",\"cls\":{\"linkType\":\"Flowchart\",\"linkColor\":\"#2a2929\",\"linkThickness\":2}},{\"type\":\"sl\",\"id\":\"link-2b7f9fb923674ae38e59dbde1958db3d\",\"from\":\"node-f72613d22b0e4a98b60e06e97e7cc29b\",\"to\":\"node-0a2137225503449d881548df2bed2645\",\"label\":\"\",\"cls\":{\"linkType\":\"Flowchart\",\"linkColor\":\"#2a2929\",\"linkThickness\":2}},{\"type\":\"sl\",\"id\":\"link-1eb1226c260d4846beb6af47eb789950\",\"from\":\"node-0a2137225503449d881548df2bed2645\",\"to\":\"end round-a2e5f57d2dea46b286d807d544589365\",\"label\":\"\",\"cls\":{\"linkType\":\"Flowchart\",\"linkColor\":\"#2a2929\",\"linkThickness\":2}}],\"attr\":{\"id\":\"flow-7c336cf703d846ca8b62e68178a2718f\"},\"config\":{\"showGrid\":true,\"showGridText\":\"隐藏网格\",\"showGridIcon\":\"el-icon-view\"},\"status\":\"2\",\"remarks\":[]}', '0dac17c2-fec7-4bcd-a391-4ff74de8506a', 'FrmLeaveReq', '{\"id\":\"\",\"userName\":\"李玉宝\",\"requestType\":\"事假\",\"startDate\":\"2020-02-16T16:00:00.000Z\",\"startTime\":\"2020-02-17T13:36:05.000Z\",\"endDate\":\"2020-02-18T16:00:00.000Z\",\"endTime\":\"2020-02-17T13:36:09.000Z\",\"requestComment\":\"这个是很复杂的了，必须开发人员开发一个\",\"attachment\":\"\",\"files\":[],\"extendInfo\":\"\"}', 1, '', '', '8faff4e5-b729-44d2-ac26-e899a228f63d', '', 0, '2020-02-17 21:36:36', '00000000-0000-0000-0000-000000000000', 'System', 0, '这个是很复杂的了，必须开发人员开发一个', 0, '1', NULL);
INSERT INTO `flowinstance` VALUES ('54f842c1-16d8-4524-bdaf-1ff820b82a01', '', '1581947169926', '带拖动表单的会签2020-02-17 21:46:14', 'end round-15fcebdccb3f4a2d81b233156cb1c10b', 4, '结束', 'fork-fcd5c9623fc345168b484c94d582a91a', '{\"title\":null,\"initNum\":0,\"lines\":[{\"id\":\"link-c43760b2b94d4e388f08767b95714c48\",\"label\":\"\",\"type\":\"sl\",\"from\":\"start round mix-0da4163593ed44d5866fd920a00847a5\",\"to\":\"fork-fcd5c9623fc345168b484c94d582a91a\",\"name\":null,\"dash\":false,\"Compares\":null},{\"id\":\"link-d665d7015434429b98a4625f94315fa8\",\"label\":\"\",\"type\":\"sl\",\"from\":\"fork-fcd5c9623fc345168b484c94d582a91a\",\"to\":\"node-4cea7bb8654b4b908e9257e7ba2d6df6\",\"name\":null,\"dash\":false,\"Compares\":null},{\"id\":\"link-3b152d51ca894fa68f1b929f06cab7e5\",\"label\":\"\",\"type\":\"sl\",\"from\":\"fork-fcd5c9623fc345168b484c94d582a91a\",\"to\":\"node-b6d40fccfc974bf49f7687266659d2bd\",\"name\":null,\"dash\":false,\"Compares\":null},{\"id\":\"link-f0c1bbb29dd1407b8b9b6b725a116e38\",\"label\":\"\",\"type\":\"sl\",\"from\":\"node-4cea7bb8654b4b908e9257e7ba2d6df6\",\"to\":\"join-917b7dc006b341b589fb5ca8e24ed7d6\",\"name\":null,\"dash\":false,\"Compares\":null},{\"id\":\"link-1aa4f3b2f63e4e9a865bc847895d30a4\",\"label\":\"\",\"type\":\"sl\",\"from\":\"node-b6d40fccfc974bf49f7687266659d2bd\",\"to\":\"join-917b7dc006b341b589fb5ca8e24ed7d6\",\"name\":null,\"dash\":false,\"Compares\":null},{\"id\":\"link-dd3f868fa944481885b0db307104ee76\",\"label\":\"\",\"type\":\"sl\",\"from\":\"join-917b7dc006b341b589fb5ca8e24ed7d6\",\"to\":\"end round-15fcebdccb3f4a2d81b233156cb1c10b\",\"name\":null,\"dash\":false,\"Compares\":null}],\"nodes\":[{\"id\":\"start round mix-0da4163593ed44d5866fd920a00847a5\",\"name\":\"开始\",\"type\":\"start round mix\",\"left\":3100,\"top\":3045,\"width\":50,\"height\":50,\"alt\":false,\"setInfo\":{\"NodeDesignate\":\"\",\"NodeDesignateData\":{\"users\":[],\"roles\":[],\"orgs\":null},\"NodeCode\":null,\"NodeName\":null,\"ThirdPartyUrl\":\"\",\"NodeRejectType\":\"0\",\"Taged\":null,\"UserName\":null,\"UserId\":null,\"Description\":null,\"TagedTime\":null,\"NodeConfluenceType\":\"\",\"ConfluenceOk\":null,\"ConfluenceNo\":null}},{\"id\":\"fork-fcd5c9623fc345168b484c94d582a91a\",\"name\":\"会签开始\",\"type\":\"fork\",\"left\":3240,\"top\":3040,\"width\":120,\"height\":50,\"alt\":false,\"setInfo\":{\"NodeDesignate\":\"ALL_USER\",\"NodeDesignateData\":{\"users\":[],\"roles\":[],\"orgs\":null},\"NodeCode\":null,\"NodeName\":null,\"ThirdPartyUrl\":\"\",\"NodeRejectType\":\"0\",\"Taged\":1,\"UserName\":\"test\",\"UserId\":\"6ba79766-faa0-4259-8139-a4a6d35784e0\",\"Description\":\"我没问题\",\"TagedTime\":\"2020-02-17 21:48\",\"NodeConfluenceType\":\"one\",\"ConfluenceOk\":null,\"ConfluenceNo\":null}},{\"id\":\"node-4cea7bb8654b4b908e9257e7ba2d6df6\",\"name\":\"测试\",\"type\":\"node\",\"left\":3055,\"top\":3170,\"width\":120,\"height\":50,\"alt\":false,\"setInfo\":{\"NodeDesignate\":\"SPECIAL_ROLE\",\"NodeDesignateData\":{\"users\":[],\"roles\":[\"0a7ebd0c-78d6-4fbc-8fbe-6fc25c3a932d\"],\"orgs\":null},\"NodeCode\":null,\"NodeName\":null,\"ThirdPartyUrl\":\"\",\"NodeRejectType\":\"0\",\"Taged\":1,\"UserName\":\"test\",\"UserId\":\"6ba79766-faa0-4259-8139-a4a6d35784e0\",\"Description\":\"我没问题\",\"TagedTime\":\"2020-02-17 21:48\",\"NodeConfluenceType\":\"\",\"ConfluenceOk\":null,\"ConfluenceNo\":null}},{\"id\":\"end round-15fcebdccb3f4a2d81b233156cb1c10b\",\"name\":\"结束\",\"type\":\"end round\",\"left\":3435,\"top\":3345,\"width\":50,\"height\":50,\"alt\":false,\"setInfo\":{\"NodeDesignate\":\"\",\"NodeDesignateData\":{\"users\":[],\"roles\":[],\"orgs\":null},\"NodeCode\":null,\"NodeName\":null,\"ThirdPartyUrl\":\"\",\"NodeRejectType\":\"0\",\"Taged\":null,\"UserName\":null,\"UserId\":null,\"Description\":null,\"TagedTime\":null,\"NodeConfluenceType\":\"\",\"ConfluenceOk\":null,\"ConfluenceNo\":null}},{\"id\":\"join-917b7dc006b341b589fb5ca8e24ed7d6\",\"name\":\"会签结束\",\"type\":\"join\",\"left\":3215,\"top\":3340,\"width\":120,\"height\":50,\"alt\":false,\"setInfo\":{\"NodeDesignate\":\"ALL_USER\",\"NodeDesignateData\":{\"users\":[],\"roles\":[],\"orgs\":null},\"NodeCode\":null,\"NodeName\":null,\"ThirdPartyUrl\":\"\",\"NodeRejectType\":\"0\",\"Taged\":1,\"UserName\":\"test\",\"UserId\":\"6ba79766-faa0-4259-8139-a4a6d35784e0\",\"Description\":\"我没问题\",\"TagedTime\":\"2020-02-17 21:48\",\"NodeConfluenceType\":\"\",\"ConfluenceOk\":null,\"ConfluenceNo\":null}},{\"id\":\"node-b6d40fccfc974bf49f7687266659d2bd\",\"name\":\"管理员\",\"type\":\"node\",\"left\":3385,\"top\":3170,\"width\":120,\"height\":50,\"alt\":false,\"setInfo\":{\"NodeDesignate\":\"SPECIAL_ROLE\",\"NodeDesignateData\":{\"users\":[],\"roles\":[\"09ee2ffa-7463-4938-ae0b-1cb4e80c7c13\"],\"orgs\":null},\"NodeCode\":null,\"NodeName\":null,\"ThirdPartyUrl\":\"\",\"NodeRejectType\":\"0\",\"Taged\":null,\"UserName\":null,\"UserId\":null,\"Description\":null,\"TagedTime\":null,\"NodeConfluenceType\":\"\",\"ConfluenceOk\":null,\"ConfluenceNo\":null}}],\"areas\":[]}', '10a87689-b6d0-43eb-8fd4-72c6c80162eb', '', '{\"WorkDate\":\"2020-02-17\",\"Time\":\"8\",\"Reason\":\"\"}', 2, '{\"list\":[{\"type\":\"date\",\"icon\":\"icon-date\",\"name\":\"加班日期\",\"options\":{\"defaultValue\":\"\",\"readonly\":false,\"disabled\":false,\"editable\":true,\"clearable\":true,\"placeholder\":\"\",\"startPlaceholder\":\"\",\"endPlaceholder\":\"\",\"type\":\"date\",\"format\":\"yyyy-MM-dd\",\"timestamp\":false,\"required\":true,\"width\":\"\",\"remoteFunc\":\"func_1580965333000_9667\"},\"key\":\"1580965333000_9667\",\"model\":\"WorkDate\",\"rules\":[{\"required\":true,\"message\":\"WorkDate必须填写\"}]},{\"type\":\"input\",\"icon\":\"icon-input\",\"name\":\"加班时长\",\"options\":{\"width\":\"100%\",\"defaultValue\":\"8\",\"required\":false,\"dataType\":\"string\",\"pattern\":\"\",\"placeholder\":\"8\",\"disabled\":false,\"remoteFunc\":\"func_1580965287000_51162\"},\"key\":\"1580965287000_51162\",\"model\":\"Time\",\"rules\":[{\"type\":\"string\",\"message\":\"Time格式不正确\"}]},{\"type\":\"textarea\",\"icon\":\"icon-diy-com-textarea\",\"name\":\"加班事由\",\"options\":{\"width\":\"100%\",\"defaultValue\":\"\",\"required\":false,\"disabled\":false,\"pattern\":\"\",\"placeholder\":\"\",\"remoteFunc\":\"func_1580965401000_81103\"},\"key\":\"1580965401000_81103\",\"model\":\"Reason\",\"rules\":[]}],\"config\":{\"labelWidth\":100,\"labelPosition\":\"right\",\"size\":\"small\"}}', '', 'bc1721ef-502f-451e-bdb8-da157a8c33b6', '', 0, '2020-02-17 21:46:42', '00000000-0000-0000-0000-000000000000', 'System', 0, '只要有一个审批通过即可', 1, '', NULL);
INSERT INTO `flowinstance` VALUES ('70bb19b9-e113-48e9-86ad-9a26fe2880b6', '', '1581946298149', '带分支条件的拖动表单2020-02-17 21:31:38', 'node-055de16b58b84b7b84a65a14c4b268d5', 2, '任何人都可以', 'start round mix-2136073f92c84be78e2094ef5dca3623', '{\"nodes\":[{\"type\":\"start round mix\",\"name\":\"开始\",\"icon\":\"iconfont icon-StartOP\",\"defaultIcon\":\"iconfont icon-StartOP\",\"belongto\":\"commonNodes\",\"id\":\"start round mix-2136073f92c84be78e2094ef5dca3623\",\"height\":50,\"left\":3120,\"width\":50,\"top\":3070,\"setInfo\":{\"NodeRejectType\":0,\"NodeConfluenceType\":\"\",\"NodeDesignate\":\"\",\"ThirdPartyUrl\":\"\",\"NodeDesignateData\":{\"users\":[],\"roles\":[],\"Texts\":\"\"}}},{\"type\":\"node\",\"name\":\"任何人都可以\",\"icon\":\"el-icon-s-tools\",\"defaultIcon\":\"el-icon-s-tools\",\"belongto\":\"commonNodes\",\"id\":\"node-055de16b58b84b7b84a65a14c4b268d5\",\"height\":50,\"left\":3245,\"width\":120,\"top\":3070,\"setInfo\":{\"NodeRejectType\":0,\"NodeConfluenceType\":\"\",\"NodeDesignate\":\"ALL_USER\",\"ThirdPartyUrl\":\"\",\"NodeDesignateData\":{\"users\":[],\"roles\":[],\"Texts\":\"\"}}},{\"type\":\"node\",\"name\":\"admin可审批\",\"icon\":\"el-icon-s-tools\",\"defaultIcon\":\"el-icon-s-tools\",\"belongto\":\"commonNodes\",\"id\":\"node-6677559156ca40888d9cdf8f9bda9679\",\"height\":50,\"left\":3120,\"width\":120,\"top\":3205,\"setInfo\":{\"NodeRejectType\":0,\"NodeConfluenceType\":\"\",\"NodeDesignate\":\"SPECIAL_USER\",\"ThirdPartyUrl\":\"\",\"NodeDesignateData\":{\"users\":[\"49df1602-f5f3-4d52-afb7-3802da619558\"],\"roles\":[],\"Texts\":\"admin\"}}},{\"type\":\"node\",\"name\":\"test可审批\",\"icon\":\"el-icon-s-tools\",\"defaultIcon\":\"el-icon-s-tools\",\"belongto\":\"commonNodes\",\"id\":\"node-28590cbd76ab4b0b82a609de24b46b8f\",\"height\":50,\"left\":3370,\"width\":120,\"top\":3205,\"setInfo\":{\"NodeRejectType\":0,\"NodeConfluenceType\":\"\",\"NodeDesignate\":\"SPECIAL_USER\",\"ThirdPartyUrl\":\"\",\"NodeDesignateData\":{\"users\":[\"6ba79766-faa0-4259-8139-a4a6d35784e0\"],\"roles\":[],\"Texts\":\"test\"}}},{\"type\":\"node\",\"name\":\"归档处理\",\"icon\":\"el-icon-s-tools\",\"defaultIcon\":\"el-icon-s-tools\",\"belongto\":\"commonNodes\",\"id\":\"node-72f5d745fc284754955b869bcf5a45ce\",\"height\":50,\"left\":3240,\"width\":120,\"top\":3360,\"setInfo\":{\"NodeRejectType\":0,\"NodeConfluenceType\":\"\",\"NodeDesignate\":\"ALL_USER\",\"ThirdPartyUrl\":\"\",\"NodeDesignateData\":{\"users\":[],\"roles\":[],\"Texts\":\"\"}}},{\"type\":\"end round\",\"name\":\"结束\",\"icon\":\"iconfont icon-End\",\"defaultIcon\":\"iconfont icon-End\",\"belongto\":\"commonNodes\",\"id\":\"end round-e119651459854efe8d595c53ce6de867\",\"height\":50,\"left\":3065,\"width\":50,\"top\":3360,\"setInfo\":{\"NodeRejectType\":0,\"NodeConfluenceType\":\"\",\"NodeDesignate\":\"\",\"ThirdPartyUrl\":\"\",\"NodeDesignateData\":{\"users\":[],\"roles\":[],\"Texts\":\"\"}}}],\"lines\":[{\"type\":\"sl\",\"id\":\"link-2b97c29665fb4efaaa5e98b866349e86\",\"from\":\"start round mix-2136073f92c84be78e2094ef5dca3623\",\"to\":\"node-055de16b58b84b7b84a65a14c4b268d5\",\"label\":\"\",\"cls\":{\"linkType\":\"Flowchart\",\"linkColor\":\"#2a2929\",\"linkThickness\":2}},{\"type\":\"sl\",\"id\":\"link-338ec915866f4a168da3045aba656c4b\",\"from\":\"node-055de16b58b84b7b84a65a14c4b268d5\",\"to\":\"node-6677559156ca40888d9cdf8f9bda9679\",\"label\":\"加班时长大于10\",\"cls\":{\"linkType\":\"Flowchart\",\"linkColor\":\"#2a2929\",\"linkThickness\":2},\"Compares\":[{\"FieldName\":\"Time\",\"Operation\":\">\",\"Value\":\"10\"}]},{\"type\":\"sl\",\"id\":\"link-30743fcbd4f448318ee2b5170afc5b17\",\"from\":\"node-055de16b58b84b7b84a65a14c4b268d5\",\"to\":\"node-28590cbd76ab4b0b82a609de24b46b8f\",\"label\":\"小于等于10咯\",\"cls\":{\"linkType\":\"Flowchart\",\"linkColor\":\"#2a2929\",\"linkThickness\":2},\"Compares\":[{\"FieldName\":\"Time\",\"Operation\":\"<=\",\"Value\":\"10\"}]},{\"type\":\"sl\",\"id\":\"link-05d297106b8e4d4787625e486ccde78c\",\"from\":\"node-6677559156ca40888d9cdf8f9bda9679\",\"to\":\"node-72f5d745fc284754955b869bcf5a45ce\",\"label\":\"\",\"cls\":{\"linkType\":\"Flowchart\",\"linkColor\":\"#2a2929\",\"linkThickness\":2}},{\"type\":\"sl\",\"id\":\"link-d5045a19c58a4e7689d86627be882271\",\"from\":\"node-28590cbd76ab4b0b82a609de24b46b8f\",\"to\":\"node-72f5d745fc284754955b869bcf5a45ce\",\"label\":\"\",\"cls\":{\"linkType\":\"Flowchart\",\"linkColor\":\"#2a2929\",\"linkThickness\":2}},{\"type\":\"sl\",\"id\":\"link-692378248f3343678b3df509b070308d\",\"from\":\"node-72f5d745fc284754955b869bcf5a45ce\",\"to\":\"end round-e119651459854efe8d595c53ce6de867\",\"label\":\"\",\"cls\":{\"linkType\":\"Flowchart\",\"linkColor\":\"#2a2929\",\"linkThickness\":2}}],\"attr\":{\"id\":\"flow-6781f69894c04b888334ec4f0d4e8717\"},\"config\":{\"showGrid\":true,\"showGridText\":\"隐藏网格\",\"showGridIcon\":\"el-icon-view\"},\"status\":\"2\",\"remarks\":[]}', '5c003bdb-9387-44f6-a8be-a962cbfb5440', '', '{\"WorkDate\":\"2020-02-17\",\"Time\":\"15\",\"Reason\":\"加班加了15个小时。。。。\"}', 2, '{\"list\":[{\"type\":\"date\",\"icon\":\"icon-date\",\"name\":\"加班日期\",\"options\":{\"defaultValue\":\"\",\"readonly\":false,\"disabled\":false,\"editable\":true,\"clearable\":true,\"placeholder\":\"\",\"startPlaceholder\":\"\",\"endPlaceholder\":\"\",\"type\":\"date\",\"format\":\"yyyy-MM-dd\",\"timestamp\":false,\"required\":true,\"width\":\"\",\"remoteFunc\":\"func_1580965333000_9667\"},\"key\":\"1580965333000_9667\",\"model\":\"WorkDate\",\"rules\":[{\"required\":true,\"message\":\"WorkDate必须填写\"}]},{\"type\":\"input\",\"icon\":\"icon-input\",\"name\":\"加班时长\",\"options\":{\"width\":\"100%\",\"defaultValue\":\"8\",\"required\":false,\"dataType\":\"string\",\"pattern\":\"\",\"placeholder\":\"8\",\"disabled\":false,\"remoteFunc\":\"func_1580965287000_51162\"},\"key\":\"1580965287000_51162\",\"model\":\"Time\",\"rules\":[{\"type\":\"string\",\"message\":\"Time格式不正确\"}]},{\"type\":\"textarea\",\"icon\":\"icon-diy-com-textarea\",\"name\":\"加班事由\",\"options\":{\"width\":\"100%\",\"defaultValue\":\"\",\"required\":false,\"disabled\":false,\"pattern\":\"\",\"placeholder\":\"\",\"remoteFunc\":\"func_1580965401000_81103\"},\"key\":\"1580965401000_81103\",\"model\":\"Reason\",\"rules\":[]}],\"config\":{\"labelWidth\":100,\"labelPosition\":\"right\",\"size\":\"small\"}}', '', 'bc1721ef-502f-451e-bdb8-da157a8c33b6', '', 0, '2020-02-17 21:32:15', '00000000-0000-0000-0000-000000000000', 'System', 0, '时间大于10，走新的分支', 0, '1', NULL);
INSERT INTO `flowinstance` VALUES ('76b85b3c-1126-44bc-9be6-6e75601e4365', '', '1581946252285', '带分支条件的拖动表单2020-02-17 21:30:52', 'node-28590cbd76ab4b0b82a609de24b46b8f', 2, 'test可审批', 'node-055de16b58b84b7b84a65a14c4b268d5', '{\"title\":null,\"initNum\":0,\"lines\":[{\"id\":\"link-2b97c29665fb4efaaa5e98b866349e86\",\"label\":\"\",\"type\":\"sl\",\"from\":\"start round mix-2136073f92c84be78e2094ef5dca3623\",\"to\":\"node-055de16b58b84b7b84a65a14c4b268d5\",\"name\":null,\"dash\":false,\"Compares\":null},{\"id\":\"link-338ec915866f4a168da3045aba656c4b\",\"label\":\"加班时长大于10\",\"type\":\"sl\",\"from\":\"node-055de16b58b84b7b84a65a14c4b268d5\",\"to\":\"node-6677559156ca40888d9cdf8f9bda9679\",\"name\":null,\"dash\":false,\"Compares\":[{\"Operation\":\">\",\"FieldName\":\"Time\",\"FieldType\":null,\"Value\":\"10\"}]},{\"id\":\"link-30743fcbd4f448318ee2b5170afc5b17\",\"label\":\"小于等于10咯\",\"type\":\"sl\",\"from\":\"node-055de16b58b84b7b84a65a14c4b268d5\",\"to\":\"node-28590cbd76ab4b0b82a609de24b46b8f\",\"name\":null,\"dash\":false,\"Compares\":[{\"Operation\":\"<=\",\"FieldName\":\"Time\",\"FieldType\":null,\"Value\":\"10\"}]},{\"id\":\"link-05d297106b8e4d4787625e486ccde78c\",\"label\":\"\",\"type\":\"sl\",\"from\":\"node-6677559156ca40888d9cdf8f9bda9679\",\"to\":\"node-72f5d745fc284754955b869bcf5a45ce\",\"name\":null,\"dash\":false,\"Compares\":null},{\"id\":\"link-d5045a19c58a4e7689d86627be882271\",\"label\":\"\",\"type\":\"sl\",\"from\":\"node-28590cbd76ab4b0b82a609de24b46b8f\",\"to\":\"node-72f5d745fc284754955b869bcf5a45ce\",\"name\":null,\"dash\":false,\"Compares\":null},{\"id\":\"link-692378248f3343678b3df509b070308d\",\"label\":\"\",\"type\":\"sl\",\"from\":\"node-72f5d745fc284754955b869bcf5a45ce\",\"to\":\"end round-e119651459854efe8d595c53ce6de867\",\"name\":null,\"dash\":false,\"Compares\":null}],\"nodes\":[{\"id\":\"start round mix-2136073f92c84be78e2094ef5dca3623\",\"name\":\"开始\",\"type\":\"start round mix\",\"left\":3120,\"top\":3070,\"width\":50,\"height\":50,\"alt\":false,\"setInfo\":{\"NodeDesignate\":\"\",\"NodeDesignateData\":{\"users\":[],\"roles\":[],\"orgs\":null},\"NodeCode\":null,\"NodeName\":null,\"ThirdPartyUrl\":\"\",\"NodeRejectType\":\"0\",\"Taged\":null,\"UserName\":null,\"UserId\":null,\"Description\":null,\"TagedTime\":null,\"NodeConfluenceType\":\"\",\"ConfluenceOk\":null,\"ConfluenceNo\":null}},{\"id\":\"node-055de16b58b84b7b84a65a14c4b268d5\",\"name\":\"任何人都可以\",\"type\":\"node\",\"left\":3245,\"top\":3070,\"width\":120,\"height\":50,\"alt\":false,\"setInfo\":{\"NodeDesignate\":\"ALL_USER\",\"NodeDesignateData\":{\"users\":[],\"roles\":[],\"orgs\":null},\"NodeCode\":null,\"NodeName\":null,\"ThirdPartyUrl\":\"\",\"NodeRejectType\":\"0\",\"Taged\":1,\"UserName\":\"超级管理员\",\"UserId\":\"00000000-0000-0000-0000-000000000000\",\"Description\":\"自己提交的，当然要同意\",\"TagedTime\":\"2020-02-17 21:31\",\"NodeConfluenceType\":\"\",\"ConfluenceOk\":null,\"ConfluenceNo\":null}},{\"id\":\"node-6677559156ca40888d9cdf8f9bda9679\",\"name\":\"admin可审批\",\"type\":\"node\",\"left\":3120,\"top\":3205,\"width\":120,\"height\":50,\"alt\":false,\"setInfo\":{\"NodeDesignate\":\"SPECIAL_USER\",\"NodeDesignateData\":{\"users\":[\"49df1602-f5f3-4d52-afb7-3802da619558\"],\"roles\":[],\"orgs\":null},\"NodeCode\":null,\"NodeName\":null,\"ThirdPartyUrl\":\"\",\"NodeRejectType\":\"0\",\"Taged\":null,\"UserName\":null,\"UserId\":null,\"Description\":null,\"TagedTime\":null,\"NodeConfluenceType\":\"\",\"ConfluenceOk\":null,\"ConfluenceNo\":null}},{\"id\":\"node-28590cbd76ab4b0b82a609de24b46b8f\",\"name\":\"test可审批\",\"type\":\"node\",\"left\":3370,\"top\":3205,\"width\":120,\"height\":50,\"alt\":false,\"setInfo\":{\"NodeDesignate\":\"SPECIAL_USER\",\"NodeDesignateData\":{\"users\":[\"6ba79766-faa0-4259-8139-a4a6d35784e0\"],\"roles\":[],\"orgs\":null},\"NodeCode\":null,\"NodeName\":null,\"ThirdPartyUrl\":\"\",\"NodeRejectType\":\"0\",\"Taged\":null,\"UserName\":null,\"UserId\":null,\"Description\":null,\"TagedTime\":null,\"NodeConfluenceType\":\"\",\"ConfluenceOk\":null,\"ConfluenceNo\":null}},{\"id\":\"node-72f5d745fc284754955b869bcf5a45ce\",\"name\":\"归档处理\",\"type\":\"node\",\"left\":3240,\"top\":3360,\"width\":120,\"height\":50,\"alt\":false,\"setInfo\":{\"NodeDesignate\":\"ALL_USER\",\"NodeDesignateData\":{\"users\":[],\"roles\":[],\"orgs\":null},\"NodeCode\":null,\"NodeName\":null,\"ThirdPartyUrl\":\"\",\"NodeRejectType\":\"0\",\"Taged\":null,\"UserName\":null,\"UserId\":null,\"Description\":null,\"TagedTime\":null,\"NodeConfluenceType\":\"\",\"ConfluenceOk\":null,\"ConfluenceNo\":null}},{\"id\":\"end round-e119651459854efe8d595c53ce6de867\",\"name\":\"结束\",\"type\":\"end round\",\"left\":3065,\"top\":3360,\"width\":50,\"height\":50,\"alt\":false,\"setInfo\":{\"NodeDesignate\":\"\",\"NodeDesignateData\":{\"users\":[],\"roles\":[],\"orgs\":null},\"NodeCode\":null,\"NodeName\":null,\"ThirdPartyUrl\":\"\",\"NodeRejectType\":\"0\",\"Taged\":null,\"UserName\":null,\"UserId\":null,\"Description\":null,\"TagedTime\":null,\"NodeConfluenceType\":\"\",\"ConfluenceOk\":null,\"ConfluenceNo\":null}}],\"areas\":[]}', '5c003bdb-9387-44f6-a8be-a962cbfb5440', '', '{\"WorkDate\":\"2020-02-17\",\"Time\":\"8\",\"Reason\":\"发版\"}', 2, '{\"list\":[{\"type\":\"date\",\"icon\":\"icon-date\",\"name\":\"加班日期\",\"options\":{\"defaultValue\":\"\",\"readonly\":false,\"disabled\":false,\"editable\":true,\"clearable\":true,\"placeholder\":\"\",\"startPlaceholder\":\"\",\"endPlaceholder\":\"\",\"type\":\"date\",\"format\":\"yyyy-MM-dd\",\"timestamp\":false,\"required\":true,\"width\":\"\",\"remoteFunc\":\"func_1580965333000_9667\"},\"key\":\"1580965333000_9667\",\"model\":\"WorkDate\",\"rules\":[{\"required\":true,\"message\":\"WorkDate必须填写\"}]},{\"type\":\"input\",\"icon\":\"icon-input\",\"name\":\"加班时长\",\"options\":{\"width\":\"100%\",\"defaultValue\":\"8\",\"required\":false,\"dataType\":\"string\",\"pattern\":\"\",\"placeholder\":\"8\",\"disabled\":false,\"remoteFunc\":\"func_1580965287000_51162\"},\"key\":\"1580965287000_51162\",\"model\":\"Time\",\"rules\":[{\"type\":\"string\",\"message\":\"Time格式不正确\"}]},{\"type\":\"textarea\",\"icon\":\"icon-diy-com-textarea\",\"name\":\"加班事由\",\"options\":{\"width\":\"100%\",\"defaultValue\":\"\",\"required\":false,\"disabled\":false,\"pattern\":\"\",\"placeholder\":\"\",\"remoteFunc\":\"func_1580965401000_81103\"},\"key\":\"1580965401000_81103\",\"model\":\"Reason\",\"rules\":[]}],\"config\":{\"labelWidth\":100,\"labelPosition\":\"right\",\"size\":\"small\"}}', '', 'bc1721ef-502f-451e-bdb8-da157a8c33b6', '', 0, '2020-02-17 21:31:09', '00000000-0000-0000-0000-000000000000', 'System', 0, '', 0, '6ba79766-faa0-4259-8139-a4a6d35784e0', NULL);
INSERT INTO `flowinstance` VALUES ('7c9b5a6e-1ca3-4f6c-a989-520e3a092821', '', '1581946509530', '带有可拖动表单的流程2020-02-17 21:35:14', 'node-b41b4c0b07644c2a81ce0c6b09dd2a39', 2, '只能管理员角色审批', 'start round mix-dbd6b92da4964dcbb8887a812cdf84c0', '{\"nodes\":[{\"type\":\"start round mix\",\"name\":\"开始\",\"icon\":\"iconfont icon-StartOP\",\"belongto\":\"commonNodes\",\"id\":\"start round mix-dbd6b92da4964dcbb8887a812cdf84c0\",\"height\":50,\"left\":3120,\"width\":50,\"top\":3055,\"setInfo\":{\"NodeRejectType\":0,\"NodeConfluenceType\":\"\",\"NodeDesignate\":\"\",\"ThirdPartyUrl\":\"\",\"NodeDesignateData\":{\"users\":[],\"roles\":[],\"Texts\":\"\"}}},{\"type\":\"node\",\"name\":\"只能管理员角色审批\",\"icon\":\"el-icon-s-tools\",\"belongto\":\"commonNodes\",\"id\":\"node-b41b4c0b07644c2a81ce0c6b09dd2a39\",\"height\":50,\"left\":3125,\"width\":120,\"top\":3165,\"setInfo\":{\"NodeRejectType\":0,\"NodeConfluenceType\":\"\",\"NodeDesignate\":\"SPECIAL_ROLE\",\"ThirdPartyUrl\":\"\",\"NodeDesignateData\":{\"users\":[],\"roles\":[\"09ee2ffa-7463-4938-ae0b-1cb4e80c7c13\"],\"Texts\":\"管理员\"}}},{\"type\":\"node\",\"name\":\"测试角色\",\"icon\":\"el-icon-s-tools\",\"belongto\":\"commonNodes\",\"id\":\"node-50c136954e4b446aaa658cd82691b3ab\",\"height\":50,\"left\":3275,\"width\":120,\"top\":3075,\"setInfo\":{\"NodeRejectType\":0,\"NodeConfluenceType\":\"\",\"NodeDesignate\":\"SPECIAL_ROLE\",\"ThirdPartyUrl\":\"\",\"NodeDesignateData\":{\"users\":[],\"roles\":[\"0a7ebd0c-78d6-4fbc-8fbe-6fc25c3a932d\",\"d27ae3cf-135f-4d57-93a6-2120ddf98650\"],\"Texts\":\"测试,测试二组\"}}},{\"type\":\"end round\",\"name\":\"结束\",\"icon\":\"iconfont icon-End\",\"belongto\":\"commonNodes\",\"id\":\"end round-75639d9c27344d988bc557349389b451\",\"height\":50,\"left\":3395,\"width\":50,\"top\":3175,\"setInfo\":{\"NodeRejectType\":0,\"NodeConfluenceType\":\"\",\"NodeDesignate\":\"\",\"ThirdPartyUrl\":\"\",\"NodeDesignateData\":{\"users\":[],\"roles\":[],\"Texts\":\"\"}}}],\"lines\":[{\"type\":\"sl\",\"id\":\"link-9cfa4906026d450c8ed2f2af0f74b6e6\",\"from\":\"start round mix-dbd6b92da4964dcbb8887a812cdf84c0\",\"to\":\"node-b41b4c0b07644c2a81ce0c6b09dd2a39\",\"label\":\"\",\"cls\":{\"linkType\":\"Flowchart\",\"linkColor\":\"#2a2929\",\"linkThickness\":2}},{\"type\":\"sl\",\"id\":\"link-d34ad3e607f34f0ca0d14a893e0de806\",\"from\":\"node-b41b4c0b07644c2a81ce0c6b09dd2a39\",\"to\":\"node-50c136954e4b446aaa658cd82691b3ab\",\"label\":\"\",\"cls\":{\"linkType\":\"Flowchart\",\"linkColor\":\"#2a2929\",\"linkThickness\":2}},{\"type\":\"sl\",\"id\":\"link-309049ec109848deab2fa98374c3a34d\",\"from\":\"node-50c136954e4b446aaa658cd82691b3ab\",\"to\":\"end round-75639d9c27344d988bc557349389b451\",\"label\":\"\",\"cls\":{\"linkType\":\"Flowchart\",\"linkColor\":\"#2a2929\",\"linkThickness\":2}}],\"attr\":{\"id\":\"flow-c2c3fe0c38f349de8124f9502a0cba01\"},\"config\":{\"showGrid\":true,\"showGridText\":\"隐藏网格\",\"showGridIcon\":\"el-icon-view\"},\"status\":\"0\",\"remarks\":[]}', '18a34903-175b-4cfb-9947-db67b538bbc8', '', '{\"WorkDate\":\"2020-02-17\",\"Time\":\"8\",\"Reason\":\"最简单的加班申请\"}', 2, '{\"list\":[{\"type\":\"date\",\"icon\":\"icon-date\",\"name\":\"加班日期\",\"options\":{\"defaultValue\":\"\",\"readonly\":false,\"disabled\":false,\"editable\":true,\"clearable\":true,\"placeholder\":\"\",\"startPlaceholder\":\"\",\"endPlaceholder\":\"\",\"type\":\"date\",\"format\":\"yyyy-MM-dd\",\"timestamp\":false,\"required\":true,\"width\":\"\",\"remoteFunc\":\"func_1580965333000_9667\"},\"key\":\"1580965333000_9667\",\"model\":\"WorkDate\",\"rules\":[{\"required\":true,\"message\":\"WorkDate必须填写\"}]},{\"type\":\"input\",\"icon\":\"icon-input\",\"name\":\"加班时长\",\"options\":{\"width\":\"100%\",\"defaultValue\":\"8\",\"required\":false,\"dataType\":\"string\",\"pattern\":\"\",\"placeholder\":\"8\",\"disabled\":false,\"remoteFunc\":\"func_1580965287000_51162\"},\"key\":\"1580965287000_51162\",\"model\":\"Time\",\"rules\":[{\"type\":\"string\",\"message\":\"Time格式不正确\"}]},{\"type\":\"textarea\",\"icon\":\"icon-diy-com-textarea\",\"name\":\"加班事由\",\"options\":{\"width\":\"100%\",\"defaultValue\":\"\",\"required\":false,\"disabled\":false,\"pattern\":\"\",\"placeholder\":\"\",\"remoteFunc\":\"func_1580965401000_81103\"},\"key\":\"1580965401000_81103\",\"model\":\"Reason\",\"rules\":[]}],\"config\":{\"labelWidth\":100,\"labelPosition\":\"right\",\"size\":\"small\"}}', '', 'bc1721ef-502f-451e-bdb8-da157a8c33b6', '', 0, '2020-02-17 21:35:32', '00000000-0000-0000-0000-000000000000', 'System', 0, '最简单的加班申请', 0, '49df1602-f5f3-4d52-afb7-3802da619558', NULL);
INSERT INTO `flowinstance` VALUES ('80e9db5f-419b-4b65-a274-abe2660608dd', '', '1581947425123', '普通动态模板会签2020-02-17 21:50:31', 'fork-1f90d45d831b43e38efa7e3626e09a3f', 0, '会签开始（全部通过）', 'start round mix-e60c1fdea88d4a348bac9a9ab6044611', '{\"nodes\":[{\"type\":\"start round mix\",\"name\":\"开始\",\"icon\":\"iconfont icon-StartOP\",\"belongto\":\"commonNodes\",\"id\":\"start round mix-e60c1fdea88d4a348bac9a9ab6044611\",\"height\":50,\"left\":3025,\"width\":50,\"top\":3045,\"setInfo\":{\"NodeRejectType\":0,\"NodeConfluenceType\":\"\",\"NodeDesignate\":\"\",\"ThirdPartyUrl\":\"\",\"NodeDesignateData\":{\"users\":[],\"roles\":[],\"Texts\":\"\"}}},{\"type\":\"fork\",\"name\":\"会签开始（全部通过）\",\"icon\":\"iconfont icon-fork\",\"belongto\":\"commonNodes\",\"id\":\"fork-1f90d45d831b43e38efa7e3626e09a3f\",\"height\":50,\"left\":3160,\"width\":120,\"top\":3040,\"setInfo\":{\"NodeRejectType\":0,\"NodeConfluenceType\":\"all\",\"NodeDesignate\":\"ALL_USER\",\"ThirdPartyUrl\":\"\",\"NodeDesignateData\":{\"users\":[],\"roles\":[],\"Texts\":\"\"}}},{\"type\":\"node\",\"name\":\"test\",\"icon\":\"el-icon-s-tools\",\"belongto\":\"commonNodes\",\"id\":\"node-c06196e21c114c298b0947451a6539b4\",\"height\":50,\"left\":3305,\"width\":120,\"top\":3170,\"setInfo\":{\"NodeRejectType\":0,\"NodeConfluenceType\":\"\",\"NodeDesignate\":\"SPECIAL_USER\",\"ThirdPartyUrl\":\"\",\"NodeDesignateData\":{\"users\":[\"6ba79766-faa0-4259-8139-a4a6d35784e0\"],\"roles\":[],\"Texts\":\"test\"}}},{\"type\":\"node\",\"name\":\"admin\",\"icon\":\"el-icon-s-tools\",\"belongto\":\"commonNodes\",\"id\":\"node-d2addb19f2d349f1878facf2c3f9d0e9\",\"height\":50,\"left\":3070,\"width\":120,\"top\":3170,\"setInfo\":{\"NodeRejectType\":0,\"NodeConfluenceType\":\"\",\"NodeDesignate\":\"SPECIAL_USER\",\"ThirdPartyUrl\":\"\",\"NodeDesignateData\":{\"users\":[\"49df1602-f5f3-4d52-afb7-3802da619558\"],\"roles\":[],\"Texts\":\"admin\"}}},{\"type\":\"end round\",\"name\":\"结束\",\"icon\":\"iconfont icon-End\",\"belongto\":\"commonNodes\",\"id\":\"end round-e230a4da91ac4d8c85727acd0b61bfde\",\"height\":50,\"left\":3060,\"width\":50,\"top\":3330,\"setInfo\":{\"NodeRejectType\":0,\"NodeConfluenceType\":\"\",\"NodeDesignate\":\"\",\"ThirdPartyUrl\":\"\",\"NodeDesignateData\":{\"users\":[],\"roles\":[],\"Texts\":\"\"}}},{\"type\":\"join\",\"name\":\"会签结束\",\"icon\":\"iconfont icon-gaibanxianxingtubiao-\",\"belongto\":\"commonNodes\",\"id\":\"join-2247b5591abf454d997aaa0daaab762c\",\"height\":50,\"left\":3205,\"width\":120,\"top\":3325,\"setInfo\":{\"NodeRejectType\":0,\"NodeConfluenceType\":\"\",\"NodeDesignate\":\"ALL_USER\",\"ThirdPartyUrl\":\"\",\"NodeDesignateData\":{\"users\":[],\"roles\":[],\"Texts\":\"\"}}}],\"lines\":[{\"type\":\"sl\",\"id\":\"link-a2f8e0c1b9d74f55a70f35a7c9f574e3\",\"from\":\"start round mix-e60c1fdea88d4a348bac9a9ab6044611\",\"to\":\"fork-1f90d45d831b43e38efa7e3626e09a3f\",\"label\":\"\",\"cls\":{\"linkType\":\"Flowchart\",\"linkColor\":\"#2a2929\",\"linkThickness\":2}},{\"type\":\"sl\",\"id\":\"link-37c8014035174a278d2cca823c62fb3a\",\"from\":\"fork-1f90d45d831b43e38efa7e3626e09a3f\",\"to\":\"node-d2addb19f2d349f1878facf2c3f9d0e9\",\"label\":\"\",\"cls\":{\"linkType\":\"Flowchart\",\"linkColor\":\"#2a2929\",\"linkThickness\":2}},{\"type\":\"sl\",\"id\":\"link-0b58303df51441ba8a8a5cb4e1ab5113\",\"from\":\"fork-1f90d45d831b43e38efa7e3626e09a3f\",\"to\":\"node-c06196e21c114c298b0947451a6539b4\",\"label\":\"\",\"cls\":{\"linkType\":\"Flowchart\",\"linkColor\":\"#2a2929\",\"linkThickness\":2}},{\"type\":\"sl\",\"id\":\"link-a67fbdb49ff343e596200f0f07b70324\",\"from\":\"node-d2addb19f2d349f1878facf2c3f9d0e9\",\"to\":\"join-2247b5591abf454d997aaa0daaab762c\",\"label\":\"\",\"cls\":{\"linkType\":\"Flowchart\",\"linkColor\":\"#2a2929\",\"linkThickness\":2}},{\"type\":\"sl\",\"id\":\"link-529bb6faa1fd4841b6ca5b2149b74b0c\",\"from\":\"node-c06196e21c114c298b0947451a6539b4\",\"to\":\"join-2247b5591abf454d997aaa0daaab762c\",\"label\":\"\",\"cls\":{\"linkType\":\"Flowchart\",\"linkColor\":\"#2a2929\",\"linkThickness\":2}},{\"type\":\"sl\",\"id\":\"link-f46f2b40d279488d94fc1e2f090e6815\",\"from\":\"join-2247b5591abf454d997aaa0daaab762c\",\"to\":\"end round-e230a4da91ac4d8c85727acd0b61bfde\",\"label\":\"\",\"cls\":{\"linkType\":\"Flowchart\",\"linkColor\":\"#2a2929\",\"linkThickness\":2}}],\"attr\":{\"id\":\"flow-7c95c121da1e491e96d978a86ad11d1c\"},\"config\":{\"showGrid\":true,\"showGridText\":\"隐藏网格\",\"showGridIcon\":\"el-icon-view\"},\"status\":\"2\",\"remarks\":[]}', '164db40b-4a35-491d-8c45-98744edacd6c', '', '{\"REASON\":\"身体原因\",\"DAYS\":\"1\",\"CUSTOME_NAME\":\"玉宝\"}', 0, '[{\"type\":\"text\",\"name\":\"REASON\",\"title\":\"REASON\",\"value\":\"身体原因\",\"leipiplugins\":\"text\",\"orghide\":\"0\",\"orgalign\":\"left\",\"orgwidth\":\"150\",\"orgtype\":\"text\",\"style\":\"text-align: left; width: 150px;\",\"content\":\"<input name=\\\"leipiNewField\\\" type=\\\"text\\\" title=\\\"REASON\\\" value=\\\"身体原因\\\" leipiplugins=\\\"text\\\" orghide=\\\"0\\\" orgalign=\\\"left\\\" orgwidth=\\\"150\\\" orgtype=\\\"text\\\" style=\\\"text-align: left; width: 150px;\\\"/>\"},{\"leipiplugins\":\"select\",\"name\":\"DAYS\",\"title\":\"DAYS\",\"size\":\"1\",\"orgwidth\":\"150\",\"style\":\"width: 150px;\",\"value\":\"1,3,5,10\",\"selected\":\"selected\",\"content\":\"<span leipiplugins=\\\"select\\\"><select name=\\\"leipiNewField\\\" title=\\\"DAYS\\\" leipiplugins=\\\"select\\\" size=\\\"1\\\" orgwidth=\\\"150\\\" style=\\\"width: 150px;\\\"><option value=\\\"1\\\" selected=\\\"selected\\\">1</option><option value=\\\"3\\\">3</option><option value=\\\"5\\\">5</option><option value=\\\"10\\\">10</option></select>&nbsp;&nbsp;</span>\"},{\"type\":\"text\",\"name\":\"CUSTOME_NAME\",\"title\":\"CUSTOME_NAME\",\"value\":\"玉宝\",\"leipiplugins\":\"text\",\"orghide\":\"0\",\"orgalign\":\"left\",\"orgwidth\":\"150\",\"orgtype\":\"text\",\"style\":\"text-align: left; width: 150px;\",\"content\":\"<input name=\\\"leipiNewField\\\" type=\\\"text\\\" title=\\\"CUSTOME_NAME\\\" value=\\\"玉宝\\\" leipiplugins=\\\"text\\\" orghide=\\\"0\\\" orgalign=\\\"left\\\" orgwidth=\\\"150\\\" orgtype=\\\"text\\\" style=\\\"text-align: left; width: 150px;\\\"/>\"}]', '<p style=\"text-align: center;\"><span style=\"font-size: 36px;\">请假条</span></p><p><span style=\"font-size: 36px;\"><br/></span></p><p style=\"text-align: center;\">因{REASON}，本人想请假{DAYS}天，望领导批准！</p><p><br/></p><p style=\"text-align: center;\">&nbsp; &nbsp; &nbsp; &nbsp; &nbsp; &nbsp; &nbsp; &nbsp; &nbsp; &nbsp; &nbsp; &nbsp; &nbsp; &nbsp; &nbsp; &nbsp; &nbsp; &nbsp; &nbsp; &nbsp; &nbsp; &nbsp; &nbsp; &nbsp; &nbsp; &nbsp; &nbsp; &nbsp; &nbsp;谢谢！</p><p><br/></p><p style=\"text-align: right;\">&nbsp; &nbsp; &nbsp; &nbsp; &nbsp; &nbsp; 申请人：{CUSTOME_NAME}</p>', 'ef89f96a-af33-407c-b02e-897faf46ecf0', '', 0, '2020-02-17 21:50:53', '00000000-0000-0000-0000-000000000000', 'System', 0, '必须大佬和小菜都通过', 0, '49df1602-f5f3-4d52-afb7-3802da619558,6ba79766-faa0-4259-8139-a4a6d35784e0', NULL);
INSERT INTO `flowinstance` VALUES ('cef4cde1-6342-4e5a-ab05-5d6564e03b28', '', '1581946609559', '带分支条件的拖动表单2020-02-17 21:36:49', 'end round-e119651459854efe8d595c53ce6de867', 4, '结束', 'node-72f5d745fc284754955b869bcf5a45ce', '{\"title\":null,\"initNum\":0,\"lines\":[{\"id\":\"link-2b97c29665fb4efaaa5e98b866349e86\",\"label\":\"\",\"type\":\"sl\",\"from\":\"start round mix-2136073f92c84be78e2094ef5dca3623\",\"to\":\"node-055de16b58b84b7b84a65a14c4b268d5\",\"name\":null,\"dash\":false,\"Compares\":null},{\"id\":\"link-338ec915866f4a168da3045aba656c4b\",\"label\":\"加班时长大于10\",\"type\":\"sl\",\"from\":\"node-055de16b58b84b7b84a65a14c4b268d5\",\"to\":\"node-6677559156ca40888d9cdf8f9bda9679\",\"name\":null,\"dash\":false,\"Compares\":[{\"Operation\":\">\",\"FieldName\":\"Time\",\"FieldType\":null,\"Value\":\"10\"}]},{\"id\":\"link-30743fcbd4f448318ee2b5170afc5b17\",\"label\":\"小于等于10咯\",\"type\":\"sl\",\"from\":\"node-055de16b58b84b7b84a65a14c4b268d5\",\"to\":\"node-28590cbd76ab4b0b82a609de24b46b8f\",\"name\":null,\"dash\":false,\"Compares\":[{\"Operation\":\"<=\",\"FieldName\":\"Time\",\"FieldType\":null,\"Value\":\"10\"}]},{\"id\":\"link-05d297106b8e4d4787625e486ccde78c\",\"label\":\"\",\"type\":\"sl\",\"from\":\"node-6677559156ca40888d9cdf8f9bda9679\",\"to\":\"node-72f5d745fc284754955b869bcf5a45ce\",\"name\":null,\"dash\":false,\"Compares\":null},{\"id\":\"link-d5045a19c58a4e7689d86627be882271\",\"label\":\"\",\"type\":\"sl\",\"from\":\"node-28590cbd76ab4b0b82a609de24b46b8f\",\"to\":\"node-72f5d745fc284754955b869bcf5a45ce\",\"name\":null,\"dash\":false,\"Compares\":null},{\"id\":\"link-692378248f3343678b3df509b070308d\",\"label\":\"\",\"type\":\"sl\",\"from\":\"node-72f5d745fc284754955b869bcf5a45ce\",\"to\":\"end round-e119651459854efe8d595c53ce6de867\",\"name\":null,\"dash\":false,\"Compares\":null}],\"nodes\":[{\"id\":\"start round mix-2136073f92c84be78e2094ef5dca3623\",\"name\":\"开始\",\"type\":\"start round mix\",\"left\":3120,\"top\":3070,\"width\":50,\"height\":50,\"alt\":false,\"setInfo\":{\"NodeDesignate\":\"\",\"NodeDesignateData\":{\"users\":[],\"roles\":[],\"orgs\":null},\"NodeCode\":null,\"NodeName\":null,\"ThirdPartyUrl\":\"\",\"NodeRejectType\":\"0\",\"Taged\":null,\"UserName\":null,\"UserId\":null,\"Description\":null,\"TagedTime\":null,\"NodeConfluenceType\":\"\",\"ConfluenceOk\":null,\"ConfluenceNo\":null}},{\"id\":\"node-055de16b58b84b7b84a65a14c4b268d5\",\"name\":\"任何人都可以\",\"type\":\"node\",\"left\":3245,\"top\":3070,\"width\":120,\"height\":50,\"alt\":false,\"setInfo\":{\"NodeDesignate\":\"ALL_USER\",\"NodeDesignateData\":{\"users\":[],\"roles\":[],\"orgs\":null},\"NodeCode\":null,\"NodeName\":null,\"ThirdPartyUrl\":\"\",\"NodeRejectType\":\"0\",\"Taged\":1,\"UserName\":\"超级管理员\",\"UserId\":\"00000000-0000-0000-0000-000000000000\",\"Description\":\"没有问题\",\"TagedTime\":\"2020-02-17 21:37\",\"NodeConfluenceType\":\"\",\"ConfluenceOk\":null,\"ConfluenceNo\":null}},{\"id\":\"node-6677559156ca40888d9cdf8f9bda9679\",\"name\":\"admin可审批\",\"type\":\"node\",\"left\":3120,\"top\":3205,\"width\":120,\"height\":50,\"alt\":false,\"setInfo\":{\"NodeDesignate\":\"SPECIAL_USER\",\"NodeDesignateData\":{\"users\":[\"49df1602-f5f3-4d52-afb7-3802da619558\"],\"roles\":[],\"orgs\":null},\"NodeCode\":null,\"NodeName\":null,\"ThirdPartyUrl\":\"\",\"NodeRejectType\":\"0\",\"Taged\":null,\"UserName\":null,\"UserId\":null,\"Description\":null,\"TagedTime\":null,\"NodeConfluenceType\":\"\",\"ConfluenceOk\":null,\"ConfluenceNo\":null}},{\"id\":\"node-28590cbd76ab4b0b82a609de24b46b8f\",\"name\":\"test可审批\",\"type\":\"node\",\"left\":3370,\"top\":3205,\"width\":120,\"height\":50,\"alt\":false,\"setInfo\":{\"NodeDesignate\":\"SPECIAL_USER\",\"NodeDesignateData\":{\"users\":[\"6ba79766-faa0-4259-8139-a4a6d35784e0\"],\"roles\":[],\"orgs\":null},\"NodeCode\":null,\"NodeName\":null,\"ThirdPartyUrl\":\"\",\"NodeRejectType\":\"0\",\"Taged\":1,\"UserName\":\"test\",\"UserId\":\"6ba79766-faa0-4259-8139-a4a6d35784e0\",\"Description\":\"可以\",\"TagedTime\":\"2020-02-17 21:38\",\"NodeConfluenceType\":\"\",\"ConfluenceOk\":null,\"ConfluenceNo\":null}},{\"id\":\"node-72f5d745fc284754955b869bcf5a45ce\",\"name\":\"归档处理\",\"type\":\"node\",\"left\":3240,\"top\":3360,\"width\":120,\"height\":50,\"alt\":false,\"setInfo\":{\"NodeDesignate\":\"ALL_USER\",\"NodeDesignateData\":{\"users\":[],\"roles\":[],\"orgs\":null},\"NodeCode\":null,\"NodeName\":null,\"ThirdPartyUrl\":\"\",\"NodeRejectType\":\"0\",\"Taged\":1,\"UserName\":\"test\",\"UserId\":\"6ba79766-faa0-4259-8139-a4a6d35784e0\",\"Description\":\"还要我归档\",\"TagedTime\":\"2020-02-17 21:38\",\"NodeConfluenceType\":\"\",\"ConfluenceOk\":null,\"ConfluenceNo\":null}},{\"id\":\"end round-e119651459854efe8d595c53ce6de867\",\"name\":\"结束\",\"type\":\"end round\",\"left\":3065,\"top\":3360,\"width\":50,\"height\":50,\"alt\":false,\"setInfo\":{\"NodeDesignate\":\"\",\"NodeDesignateData\":{\"users\":[],\"roles\":[],\"orgs\":null},\"NodeCode\":null,\"NodeName\":null,\"ThirdPartyUrl\":\"\",\"NodeRejectType\":\"0\",\"Taged\":null,\"UserName\":null,\"UserId\":null,\"Description\":null,\"TagedTime\":null,\"NodeConfluenceType\":\"\",\"ConfluenceOk\":null,\"ConfluenceNo\":null}}],\"areas\":[]}', '5c003bdb-9387-44f6-a8be-a962cbfb5440', '', '{\"WorkDate\":\"2020-02-17\",\"Time\":\"8\",\"Reason\":\"发版\"}', 2, '{\"list\":[{\"type\":\"date\",\"icon\":\"icon-date\",\"name\":\"加班日期\",\"options\":{\"defaultValue\":\"\",\"readonly\":false,\"disabled\":false,\"editable\":true,\"clearable\":true,\"placeholder\":\"\",\"startPlaceholder\":\"\",\"endPlaceholder\":\"\",\"type\":\"date\",\"format\":\"yyyy-MM-dd\",\"timestamp\":false,\"required\":true,\"width\":\"\",\"remoteFunc\":\"func_1580965333000_9667\"},\"key\":\"1580965333000_9667\",\"model\":\"WorkDate\",\"rules\":[{\"required\":true,\"message\":\"WorkDate必须填写\"}]},{\"type\":\"input\",\"icon\":\"icon-input\",\"name\":\"加班时长\",\"options\":{\"width\":\"100%\",\"defaultValue\":\"8\",\"required\":false,\"dataType\":\"string\",\"pattern\":\"\",\"placeholder\":\"8\",\"disabled\":false,\"remoteFunc\":\"func_1580965287000_51162\"},\"key\":\"1580965287000_51162\",\"model\":\"Time\",\"rules\":[{\"type\":\"string\",\"message\":\"Time格式不正确\"}]},{\"type\":\"textarea\",\"icon\":\"icon-diy-com-textarea\",\"name\":\"加班事由\",\"options\":{\"width\":\"100%\",\"defaultValue\":\"\",\"required\":false,\"disabled\":false,\"pattern\":\"\",\"placeholder\":\"\",\"remoteFunc\":\"func_1580965401000_81103\"},\"key\":\"1580965401000_81103\",\"model\":\"Reason\",\"rules\":[]}],\"config\":{\"labelWidth\":100,\"labelPosition\":\"right\",\"size\":\"small\"}}', '', 'bc1721ef-502f-451e-bdb8-da157a8c33b6', '', 0, '2020-02-17 21:37:10', '00000000-0000-0000-0000-000000000000', 'System', 0, '把这个流程走完吧', 1, '', NULL);
INSERT INTO `flowinstance` VALUES ('e76b4c1a-04a2-4d65-ac79-c57b369669dc', '', '1581946344351', '带分支条件/普通动态表单的模板2020-02-17 21:32:27', 'node-f1e16c8afbc746ec8d97657b6ce7abeb', 2, '任务节点', 'start round mix-a81449b44c8e42c38a13f6c280887e41', '{\"nodes\":[{\"type\":\"start round mix\",\"name\":\"开始\",\"icon\":\"iconfont icon-StartOP\",\"belongto\":\"commonNodes\",\"id\":\"start round mix-a81449b44c8e42c38a13f6c280887e41\",\"height\":50,\"left\":3260,\"width\":50,\"top\":3035,\"setInfo\":{\"NodeRejectType\":0,\"NodeConfluenceType\":\"\",\"NodeDesignate\":\"\",\"ThirdPartyUrl\":\"\",\"NodeDesignateData\":{\"users\":[],\"roles\":[],\"Texts\":\"\"}}},{\"type\":\"node\",\"name\":\"任务节点\",\"icon\":\"el-icon-s-tools\",\"belongto\":\"commonNodes\",\"id\":\"node-f1e16c8afbc746ec8d97657b6ce7abeb\",\"height\":50,\"left\":3380,\"width\":120,\"top\":3030,\"setInfo\":{\"NodeRejectType\":0,\"NodeConfluenceType\":\"\",\"NodeDesignate\":\"ALL_USER\",\"ThirdPartyUrl\":\"\",\"NodeDesignateData\":{\"users\":[],\"roles\":[],\"Texts\":\"\"}}},{\"type\":\"end round\",\"name\":\"结束\",\"icon\":\"iconfont icon-End\",\"belongto\":\"commonNodes\",\"id\":\"end round-1fd43e907680452da6c5170c39126027\",\"height\":50,\"left\":3095,\"width\":50,\"top\":3520,\"setInfo\":{\"NodeRejectType\":0,\"NodeConfluenceType\":\"\",\"NodeDesignate\":\"\",\"ThirdPartyUrl\":\"\",\"NodeDesignateData\":{\"users\":[],\"roles\":[],\"Texts\":\"\"}}},{\"type\":\"node\",\"name\":\"test处理\",\"icon\":\"el-icon-s-tools\",\"belongto\":\"commonNodes\",\"id\":\"node-e13f6949b57c43e8b3211f8ede54721b\",\"height\":50,\"left\":3165,\"width\":120,\"top\":3235,\"setInfo\":{\"NodeRejectType\":0,\"NodeConfluenceType\":\"\",\"NodeDesignate\":\"SPECIAL_USER\",\"ThirdPartyUrl\":\"\",\"NodeDesignateData\":{\"users\":[\"6ba79766-faa0-4259-8139-a4a6d35784e0\"],\"roles\":[],\"Texts\":\"test\"}}},{\"type\":\"node\",\"name\":\"归档处理\",\"icon\":\"el-icon-s-tools\",\"belongto\":\"commonNodes\",\"id\":\"node-de7524e4595141c797de7f1c1cc078f1\",\"height\":50,\"left\":3165,\"width\":120,\"top\":3390,\"setInfo\":{\"NodeRejectType\":0,\"NodeConfluenceType\":\"\",\"NodeDesignate\":\"ALL_USER\",\"ThirdPartyUrl\":\"\",\"NodeDesignateData\":{\"users\":[],\"roles\":[],\"Texts\":\"\"}}},{\"type\":\"node\",\"name\":\"admin处理\",\"icon\":\"el-icon-s-tools\",\"belongto\":\"commonNodes\",\"id\":\"node-3b6ab94c2c8a40ce87bfc2ce49818c0d\",\"height\":50,\"left\":3505,\"width\":120,\"top\":3335,\"setInfo\":{\"NodeRejectType\":0,\"NodeConfluenceType\":\"\",\"NodeDesignate\":\"SPECIAL_USER\",\"ThirdPartyUrl\":\"\",\"NodeDesignateData\":{\"users\":[\"49df1602-f5f3-4d52-afb7-3802da619558\"],\"roles\":[],\"Texts\":\"admin\"}}}],\"lines\":[{\"type\":\"sl\",\"id\":\"link-83708c1b3d4e4e5882f14df403e9b06a\",\"from\":\"start round mix-a81449b44c8e42c38a13f6c280887e41\",\"to\":\"node-f1e16c8afbc746ec8d97657b6ce7abeb\",\"label\":\"\",\"cls\":{\"linkType\":\"Flowchart\",\"linkColor\":\"#2a2929\",\"linkThickness\":2}},{\"type\":\"sl\",\"id\":\"link-8427a585c660430fb7f65f86eda8a6eb\",\"from\":\"node-f1e16c8afbc746ec8d97657b6ce7abeb\",\"to\":\"node-e13f6949b57c43e8b3211f8ede54721b\",\"label\":\"小于等于3天\",\"cls\":{\"linkType\":\"Flowchart\",\"linkColor\":\"#2a2929\",\"linkThickness\":2},\"Compares\":[{\"FieldName\":\"DAYS\",\"Operation\":\"<=\",\"Value\":\"3\"}]},{\"type\":\"sl\",\"id\":\"link-963bfce8c7f04f178af39f736c629092\",\"from\":\"node-f1e16c8afbc746ec8d97657b6ce7abeb\",\"to\":\"node-3b6ab94c2c8a40ce87bfc2ce49818c0d\",\"label\":\"大于3天的\",\"cls\":{\"linkType\":\"Flowchart\",\"linkColor\":\"#2a2929\",\"linkThickness\":2},\"Compares\":[{\"FieldName\":\"DAYS\",\"Operation\":\">\",\"Value\":\"3\"}]},{\"type\":\"sl\",\"id\":\"link-54333e198f3149cb8a9140e8d8e92ef5\",\"from\":\"node-e13f6949b57c43e8b3211f8ede54721b\",\"to\":\"node-de7524e4595141c797de7f1c1cc078f1\",\"label\":\"\",\"cls\":{\"linkType\":\"Flowchart\",\"linkColor\":\"#2a2929\",\"linkThickness\":2}},{\"type\":\"sl\",\"id\":\"link-26f29454cd364a2db1c00bfb9282bac6\",\"from\":\"node-3b6ab94c2c8a40ce87bfc2ce49818c0d\",\"to\":\"node-de7524e4595141c797de7f1c1cc078f1\",\"label\":\"\",\"cls\":{\"linkType\":\"Flowchart\",\"linkColor\":\"#2a2929\",\"linkThickness\":2}},{\"type\":\"sl\",\"id\":\"link-28bef103c14640dc8828e568a5db2d4d\",\"from\":\"node-de7524e4595141c797de7f1c1cc078f1\",\"to\":\"end round-1fd43e907680452da6c5170c39126027\",\"label\":\"\",\"cls\":{\"linkType\":\"Flowchart\",\"linkColor\":\"#2a2929\",\"linkThickness\":2}}],\"attr\":{\"id\":\"flow-95196daaaa7c4a468783664aed350ca0\"},\"config\":{\"showGrid\":true,\"showGridText\":\"隐藏网格\",\"showGridIcon\":\"el-icon-view\"},\"status\":\"2\",\"remarks\":[]}', 'a0d4de72-dd69-4af4-8492-2908e37bc300', '', '{\"REASON\":\"身体原因\",\"DAYS\":\"1\",\"CUSTOME_NAME\":\"玉宝\"}', 0, '[{\"type\":\"text\",\"name\":\"REASON\",\"title\":\"REASON\",\"value\":\"身体原因\",\"leipiplugins\":\"text\",\"orghide\":\"0\",\"orgalign\":\"left\",\"orgwidth\":\"150\",\"orgtype\":\"text\",\"style\":\"text-align: left; width: 150px;\",\"content\":\"<input name=\\\"leipiNewField\\\" type=\\\"text\\\" title=\\\"REASON\\\" value=\\\"身体原因\\\" leipiplugins=\\\"text\\\" orghide=\\\"0\\\" orgalign=\\\"left\\\" orgwidth=\\\"150\\\" orgtype=\\\"text\\\" style=\\\"text-align: left; width: 150px;\\\"/>\"},{\"leipiplugins\":\"select\",\"name\":\"DAYS\",\"title\":\"DAYS\",\"size\":\"1\",\"orgwidth\":\"150\",\"style\":\"width: 150px;\",\"value\":\"1,3,5,10\",\"selected\":\"selected\",\"content\":\"<span leipiplugins=\\\"select\\\"><select name=\\\"leipiNewField\\\" title=\\\"DAYS\\\" leipiplugins=\\\"select\\\" size=\\\"1\\\" orgwidth=\\\"150\\\" style=\\\"width: 150px;\\\"><option value=\\\"1\\\" selected=\\\"selected\\\">1</option><option value=\\\"3\\\">3</option><option value=\\\"5\\\">5</option><option value=\\\"10\\\">10</option></select>&nbsp;&nbsp;</span>\"},{\"type\":\"text\",\"name\":\"CUSTOME_NAME\",\"title\":\"CUSTOME_NAME\",\"value\":\"玉宝\",\"leipiplugins\":\"text\",\"orghide\":\"0\",\"orgalign\":\"left\",\"orgwidth\":\"150\",\"orgtype\":\"text\",\"style\":\"text-align: left; width: 150px;\",\"content\":\"<input name=\\\"leipiNewField\\\" type=\\\"text\\\" title=\\\"CUSTOME_NAME\\\" value=\\\"玉宝\\\" leipiplugins=\\\"text\\\" orghide=\\\"0\\\" orgalign=\\\"left\\\" orgwidth=\\\"150\\\" orgtype=\\\"text\\\" style=\\\"text-align: left; width: 150px;\\\"/>\"}]', '<p style=\"text-align: center;\"><span style=\"font-size: 36px;\">请假条</span></p><p><span style=\"font-size: 36px;\"><br/></span></p><p style=\"text-align: center;\">因{REASON}，本人想请假{DAYS}天，望领导批准！</p><p><br/></p><p style=\"text-align: center;\">&nbsp; &nbsp; &nbsp; &nbsp; &nbsp; &nbsp; &nbsp; &nbsp; &nbsp; &nbsp; &nbsp; &nbsp; &nbsp; &nbsp; &nbsp; &nbsp; &nbsp; &nbsp; &nbsp; &nbsp; &nbsp; &nbsp; &nbsp; &nbsp; &nbsp; &nbsp; &nbsp; &nbsp; &nbsp;谢谢！</p><p><br/></p><p style=\"text-align: right;\">&nbsp; &nbsp; &nbsp; &nbsp; &nbsp; &nbsp; 申请人：{CUSTOME_NAME}</p>', 'ef89f96a-af33-407c-b02e-897faf46ecf0', '', 0, '2020-02-17 21:32:45', '00000000-0000-0000-0000-000000000000', 'System', 0, '请假条', 0, '1', NULL);

-- ----------------------------
-- Table structure for flowinstanceoperationhistory
-- ----------------------------
DROP TABLE IF EXISTS `flowinstanceoperationhistory`;
CREATE TABLE `flowinstanceoperationhistory`  (
  `Id` varchar(50) CHARACTER SET utf8 COLLATE utf8_general_ci NOT NULL COMMENT '主键Id',
  `InstanceId` varchar(50) CHARACTER SET utf8 COLLATE utf8_general_ci NOT NULL COMMENT '实例进程Id',
  `Content` varchar(200) CHARACTER SET utf8 COLLATE utf8_general_ci NULL DEFAULT NULL COMMENT '操作内容',
  `CreateDate` datetime(0) NOT NULL COMMENT '创建时间',
  `CreateUserId` varchar(50) CHARACTER SET utf8 COLLATE utf8_general_ci NULL DEFAULT NULL COMMENT '创建用户主键',
  `CreateUserName` varchar(50) CHARACTER SET utf8 COLLATE utf8_general_ci NULL DEFAULT NULL COMMENT '创建用户',
  PRIMARY KEY (`Id`) USING BTREE
) ENGINE = InnoDB CHARACTER SET = utf8 COLLATE = utf8_general_ci COMMENT = '工作流实例操作记录' ROW_FORMAT = Compact;

-- ----------------------------
-- Records of flowinstanceoperationhistory
-- ----------------------------
INSERT INTO `flowinstanceoperationhistory` VALUES ('17828e69-cfaa-48a5-9e74-81bf8f9e8c67', 'cef4cde1-6342-4e5a-ab05-5d6564e03b28', '【创建】超级管理员创建了一个流程进程【1581946609559/带分支条件的拖动表单2020-02-17 21:36:49】', '2020-02-17 21:37:10', '00000000-0000-0000-0000-000000000000', '超级管理员');
INSERT INTO `flowinstanceoperationhistory` VALUES ('2a24023c-cf91-4744-9292-414635d1292f', '70bb19b9-e113-48e9-86ad-9a26fe2880b6', '【创建】超级管理员创建了一个流程进程【1581946298149/带分支条件的拖动表单2020-02-17 21:31:38】', '2020-02-17 21:32:15', '00000000-0000-0000-0000-000000000000', '超级管理员');
INSERT INTO `flowinstanceoperationhistory` VALUES ('2c2639ae-e7bb-48a9-8559-684b67e94519', 'c52c7167-80e1-49ec-becc-3b2ee2882d7b', '【创建】超级管理员创建了一个流程进程【1581946405900/带拖动表单的会签2020-02-17 21:33:29】', '2020-02-17 21:34:29', '00000000-0000-0000-0000-000000000000', '超级管理员');
INSERT INTO `flowinstanceoperationhistory` VALUES ('58923989-b9ab-4e80-ac96-11c2e844422a', '76b85b3c-1126-44bc-9be6-6e75601e4365', '【任何人都可以】【2020-02-17 21:31】同意,备注：自己提交的，当然要同意', '2020-02-17 21:31:29', '00000000-0000-0000-0000-000000000000', '超级管理员');
INSERT INTO `flowinstanceoperationhistory` VALUES ('5aba2067-c846-4dd2-9c18-b6b79ea63966', 'd6b9b97c-be2d-4269-972f-0c8085bedc6a', '【创建】超级管理员创建了一个流程进程【1581946480876/带拖动表单的会签2020-02-17 21:34:45】', '2020-02-17 21:34:57', '00000000-0000-0000-0000-000000000000', '超级管理员');
INSERT INTO `flowinstanceoperationhistory` VALUES ('5ec14cd3-4b32-47d0-abcd-5185cbbc03d1', 'e76b4c1a-04a2-4d65-ac79-c57b369669dc', '【创建】超级管理员创建了一个流程进程【1581946344351/带分支条件/普通动态表单的模板2020-02-17 21:32:27】', '2020-02-17 21:32:45', '00000000-0000-0000-0000-000000000000', '超级管理员');
INSERT INTO `flowinstanceoperationhistory` VALUES ('905d0e3b-fa4e-4c16-8a61-1ceae0d09991', 'cef4cde1-6342-4e5a-ab05-5d6564e03b28', '【test可审批】【2020-02-17 21:38】同意,备注：可以', '2020-02-17 21:38:15', '6ba79766-faa0-4259-8139-a4a6d35784e0', 'test');
INSERT INTO `flowinstanceoperationhistory` VALUES ('9dc36719-9f70-41a9-afb7-ddfcbce9a6cd', '80e9db5f-419b-4b65-a274-abe2660608dd', '【创建】超级管理员创建了一个流程进程【1581947425123/普通动态模板会签2020-02-17 21:50:31】', '2020-02-17 21:50:53', '00000000-0000-0000-0000-000000000000', '超级管理员');
INSERT INTO `flowinstanceoperationhistory` VALUES ('a36c7fef-faa9-440e-9bd3-7890321a418a', 'cef4cde1-6342-4e5a-ab05-5d6564e03b28', '【归档处理】【2020-02-17 21:38】同意,备注：还要我归档', '2020-02-17 21:38:37', '6ba79766-faa0-4259-8139-a4a6d35784e0', 'test');
INSERT INTO `flowinstanceoperationhistory` VALUES ('a577f2d1-203c-4bd0-add4-0cc2939775b6', '0c032786-daf3-44fd-a8e1-5326484ef2f6', '【创建】超级管理员创建了一个流程进程【1581946370593/带分支条件/普通动态表单的模板2020-02-17 21:32:53】', '2020-02-17 21:33:10', '00000000-0000-0000-0000-000000000000', '超级管理员');
INSERT INTO `flowinstanceoperationhistory` VALUES ('aa65158e-2138-4593-9f37-ed3cf7dc8cff', 'cef4cde1-6342-4e5a-ab05-5d6564e03b28', '【任何人都可以】【2020-02-17 21:37】同意,备注：没有问题', '2020-02-17 21:37:28', '00000000-0000-0000-0000-000000000000', '超级管理员');
INSERT INTO `flowinstanceoperationhistory` VALUES ('aba8498e-1a5c-495b-a0f1-d24544a325e9', '54f842c1-16d8-4524-bdaf-1ff820b82a01', '【测试】【2020-02-17 21:48】同意,备注：我没问题', '2020-02-17 21:48:05', '6ba79766-faa0-4259-8139-a4a6d35784e0', 'test');
INSERT INTO `flowinstanceoperationhistory` VALUES ('c68abfa4-5b2b-4fb6-9033-b75cd229a569', '54f842c1-16d8-4524-bdaf-1ff820b82a01', '【创建】超级管理员创建了一个流程进程【1581947169926/带拖动表单的会签2020-02-17 21:46:14】', '2020-02-17 21:46:42', '00000000-0000-0000-0000-000000000000', '超级管理员');
INSERT INTO `flowinstanceoperationhistory` VALUES ('dae39a72-2f61-45d5-a6f3-d465a659389f', '76b85b3c-1126-44bc-9be6-6e75601e4365', '【创建】超级管理员创建了一个流程进程【1581946252285/带分支条件的拖动表单2020-02-17 21:30:52】', '2020-02-17 21:31:09', '00000000-0000-0000-0000-000000000000', '超级管理员');
INSERT INTO `flowinstanceoperationhistory` VALUES ('df0d5350-cecf-458a-b2eb-db524939288d', '212e4f0f-9d6f-4688-a3d3-157605652abd', '【创建】超级管理员创建了一个流程进程【1581946541250/带有开发者自定义表单的流程2020-02-17 21:35:45】', '2020-02-17 21:36:36', '00000000-0000-0000-0000-000000000000', '超级管理员');
INSERT INTO `flowinstanceoperationhistory` VALUES ('e681977e-53f9-4ce1-bd36-58fd11a29e1a', '7c9b5a6e-1ca3-4f6c-a989-520e3a092821', '【创建】超级管理员创建了一个流程进程【1581946509530/带有可拖动表单的流程2020-02-17 21:35:14】', '2020-02-17 21:35:32', '00000000-0000-0000-0000-000000000000', '超级管理员');

-- ----------------------------
-- Table structure for flowinstancetransitionhistory
-- ----------------------------
DROP TABLE IF EXISTS `flowinstancetransitionhistory`;
CREATE TABLE `flowinstancetransitionhistory`  (
  `Id` varchar(50) CHARACTER SET utf8 COLLATE utf8_general_ci NOT NULL COMMENT '主键Id',
  `InstanceId` varchar(50) CHARACTER SET utf8 COLLATE utf8_general_ci NOT NULL COMMENT '实例Id',
  `FromNodeId` varchar(50) CHARACTER SET utf8 COLLATE utf8_general_ci NULL DEFAULT NULL COMMENT '开始节点Id',
  `FromNodeType` int(11) NULL DEFAULT NULL COMMENT '开始节点类型',
  `FromNodeName` varchar(200) CHARACTER SET utf8 COLLATE utf8_general_ci NULL DEFAULT NULL COMMENT '开始节点名称',
  `ToNodeId` varchar(50) CHARACTER SET utf8 COLLATE utf8_general_ci NULL DEFAULT NULL COMMENT '结束节点Id',
  `ToNodeType` int(11) NULL DEFAULT NULL COMMENT '结束节点类型',
  `ToNodeName` varchar(200) CHARACTER SET utf8 COLLATE utf8_general_ci NULL DEFAULT NULL COMMENT '结束节点名称',
  `TransitionSate` int(11) NOT NULL COMMENT '转化状态',
  `IsFinish` int(11) NOT NULL COMMENT '是否结束',
  `CreateDate` datetime(0) NOT NULL COMMENT '转化时间',
  `CreateUserId` varchar(50) CHARACTER SET utf8 COLLATE utf8_general_ci NULL DEFAULT NULL COMMENT '操作人Id',
  `CreateUserName` varchar(50) CHARACTER SET utf8 COLLATE utf8_general_ci NULL DEFAULT NULL COMMENT '操作人名称',
  PRIMARY KEY (`Id`) USING BTREE
) ENGINE = InnoDB CHARACTER SET = utf8 COLLATE = utf8_general_ci COMMENT = '工作流实例流转历史记录' ROW_FORMAT = Compact;

-- ----------------------------
-- Records of flowinstancetransitionhistory
-- ----------------------------
INSERT INTO `flowinstancetransitionhistory` VALUES ('108d8f96-f31f-498e-a824-193850be61b2', '54f842c1-16d8-4524-bdaf-1ff820b82a01', 'start round mix-0da4163593ed44d5866fd920a00847a5', 3, '开始', 'fork-fcd5c9623fc345168b484c94d582a91a', 0, '会签开始', 0, 0, '2020-02-17 21:46:42', '00000000-0000-0000-0000-000000000000', '超级管理员');
INSERT INTO `flowinstancetransitionhistory` VALUES ('2d5137d2-5bcc-485f-b616-868ca4ce7f2a', 'cef4cde1-6342-4e5a-ab05-5d6564e03b28', 'node-055de16b58b84b7b84a65a14c4b268d5', 2, '任何人都可以', 'node-28590cbd76ab4b0b82a609de24b46b8f', 2, 'test可审批', 0, 0, '2020-02-17 21:37:28', '00000000-0000-0000-0000-000000000000', '超级管理员');
INSERT INTO `flowinstancetransitionhistory` VALUES ('332a7d87-1109-4e5d-ab38-0197ea755030', 'e76b4c1a-04a2-4d65-ac79-c57b369669dc', 'start round mix-a81449b44c8e42c38a13f6c280887e41', 3, '开始', 'node-f1e16c8afbc746ec8d97657b6ce7abeb', 2, '任务节点', 0, 0, '2020-02-17 21:32:45', '00000000-0000-0000-0000-000000000000', '超级管理员');
INSERT INTO `flowinstancetransitionhistory` VALUES ('33f8b015-c8c8-4d74-af41-0fd279c46c78', 'd6b9b97c-be2d-4269-972f-0c8085bedc6a', 'start round mix-0da4163593ed44d5866fd920a00847a5', 3, '开始', 'fork-fcd5c9623fc345168b484c94d582a91a', 0, '分支节点', 0, 0, '2020-02-17 21:34:57', '00000000-0000-0000-0000-000000000000', '超级管理员');
INSERT INTO `flowinstancetransitionhistory` VALUES ('65f96160-02d4-40af-948e-df26488c2fbe', '80e9db5f-419b-4b65-a274-abe2660608dd', 'start round mix-e60c1fdea88d4a348bac9a9ab6044611', 3, '开始', 'fork-1f90d45d831b43e38efa7e3626e09a3f', 0, '会签开始（全部通过）', 0, 0, '2020-02-17 21:50:53', '00000000-0000-0000-0000-000000000000', '超级管理员');
INSERT INTO `flowinstancetransitionhistory` VALUES ('6ffe9310-3bc7-4282-9e32-3b4baa8fbf36', '7c9b5a6e-1ca3-4f6c-a989-520e3a092821', 'start round mix-dbd6b92da4964dcbb8887a812cdf84c0', 3, '开始', 'node-b41b4c0b07644c2a81ce0c6b09dd2a39', 2, '只能管理员角色审批', 0, 0, '2020-02-17 21:35:32', '00000000-0000-0000-0000-000000000000', '超级管理员');
INSERT INTO `flowinstancetransitionhistory` VALUES ('783a9263-39e6-455b-bcd4-4b2b07b3fc1e', '54f842c1-16d8-4524-bdaf-1ff820b82a01', 'fork-fcd5c9623fc345168b484c94d582a91a', 0, '会签开始', 'end round-15fcebdccb3f4a2d81b233156cb1c10b', 4, '结束', 0, 1, '2020-02-17 21:48:05', '6ba79766-faa0-4259-8139-a4a6d35784e0', 'test');
INSERT INTO `flowinstancetransitionhistory` VALUES ('7a1bb17f-0677-4417-8f58-6446c4d41bce', '212e4f0f-9d6f-4688-a3d3-157605652abd', 'start round mix-62ca9d4aab654fe4bb032a7c7f3c0ffd', 3, '开始', 'node-f72613d22b0e4a98b60e06e97e7cc29b', 2, '任意人可以审批', 0, 0, '2020-02-17 21:36:36', '00000000-0000-0000-0000-000000000000', '超级管理员');
INSERT INTO `flowinstancetransitionhistory` VALUES ('85c9eaab-0c71-4c23-a0a6-4c72fb4802fa', '76b85b3c-1126-44bc-9be6-6e75601e4365', 'start round mix-2136073f92c84be78e2094ef5dca3623', 3, '开始', 'node-055de16b58b84b7b84a65a14c4b268d5', 2, '任何人都可以', 0, 0, '2020-02-17 21:31:09', '00000000-0000-0000-0000-000000000000', '超级管理员');
INSERT INTO `flowinstancetransitionhistory` VALUES ('874a1657-c6c8-43ab-a7f9-fd0bc7fbfe33', 'c52c7167-80e1-49ec-becc-3b2ee2882d7b', 'start round mix-0da4163593ed44d5866fd920a00847a5', 3, '开始', 'fork-fcd5c9623fc345168b484c94d582a91a', 0, '分支节点', 0, 0, '2020-02-17 21:34:29', '00000000-0000-0000-0000-000000000000', '超级管理员');
INSERT INTO `flowinstancetransitionhistory` VALUES ('8acd7275-5b5e-4403-b33e-92991c18f3cd', 'cef4cde1-6342-4e5a-ab05-5d6564e03b28', 'node-72f5d745fc284754955b869bcf5a45ce', 2, '归档处理', 'end round-e119651459854efe8d595c53ce6de867', 4, '结束', 0, 1, '2020-02-17 21:38:37', '6ba79766-faa0-4259-8139-a4a6d35784e0', 'test');
INSERT INTO `flowinstancetransitionhistory` VALUES ('90138f59-9577-4f51-8cce-64bc9f9edcbf', '0c032786-daf3-44fd-a8e1-5326484ef2f6', 'start round mix-a81449b44c8e42c38a13f6c280887e41', 3, '开始', 'node-f1e16c8afbc746ec8d97657b6ce7abeb', 2, '任务节点', 0, 0, '2020-02-17 21:33:10', '00000000-0000-0000-0000-000000000000', '超级管理员');
INSERT INTO `flowinstancetransitionhistory` VALUES ('914b6d15-01dc-472d-8f6e-136810fda731', '76b85b3c-1126-44bc-9be6-6e75601e4365', 'node-055de16b58b84b7b84a65a14c4b268d5', 2, '任何人都可以', 'node-28590cbd76ab4b0b82a609de24b46b8f', 2, 'test可审批', 0, 0, '2020-02-17 21:31:29', '00000000-0000-0000-0000-000000000000', '超级管理员');
INSERT INTO `flowinstancetransitionhistory` VALUES ('ac85b4e6-8e6d-467d-b753-5444ad41626a', 'cef4cde1-6342-4e5a-ab05-5d6564e03b28', 'node-28590cbd76ab4b0b82a609de24b46b8f', 2, 'test可审批', 'node-72f5d745fc284754955b869bcf5a45ce', 2, '归档处理', 0, 0, '2020-02-17 21:38:15', '6ba79766-faa0-4259-8139-a4a6d35784e0', 'test');
INSERT INTO `flowinstancetransitionhistory` VALUES ('b9f7a9e4-5491-49b3-bb6b-22fc2eae7da3', 'cef4cde1-6342-4e5a-ab05-5d6564e03b28', 'start round mix-2136073f92c84be78e2094ef5dca3623', 3, '开始', 'node-055de16b58b84b7b84a65a14c4b268d5', 2, '任何人都可以', 0, 0, '2020-02-17 21:37:10', '00000000-0000-0000-0000-000000000000', '超级管理员');
INSERT INTO `flowinstancetransitionhistory` VALUES ('fcc84515-60d6-4718-be7e-3d8e9b15ff93', '70bb19b9-e113-48e9-86ad-9a26fe2880b6', 'start round mix-2136073f92c84be78e2094ef5dca3623', 3, '开始', 'node-055de16b58b84b7b84a65a14c4b268d5', 2, '任何人都可以', 0, 0, '2020-02-17 21:32:15', '00000000-0000-0000-0000-000000000000', '超级管理员');

-- ----------------------------
-- Table structure for flowscheme
-- ----------------------------
DROP TABLE IF EXISTS `flowscheme`;
CREATE TABLE `flowscheme`  (
  `Id` varchar(50) CHARACTER SET utf8 COLLATE utf8_general_ci NOT NULL COMMENT '主键Id',
  `SchemeCode` varchar(50) CHARACTER SET utf8 COLLATE utf8_general_ci NULL DEFAULT NULL COMMENT '流程编号',
  `SchemeName` varchar(200) CHARACTER SET utf8 COLLATE utf8_general_ci NULL DEFAULT NULL COMMENT '流程名称',
  `SchemeType` varchar(50) CHARACTER SET utf8 COLLATE utf8_general_ci NULL DEFAULT NULL COMMENT '流程分类',
  `SchemeVersion` varchar(50) CHARACTER SET utf8 COLLATE utf8_general_ci NULL DEFAULT NULL COMMENT '流程内容版本',
  `SchemeCanUser` longtext CHARACTER SET utf8 COLLATE utf8_general_ci NULL COMMENT '流程模板使用者',
  `SchemeContent` longtext CHARACTER SET utf8 COLLATE utf8_general_ci NULL COMMENT '流程内容',
  `FrmId` varchar(50) CHARACTER SET utf8 COLLATE utf8_general_ci NULL DEFAULT NULL COMMENT '表单ID',
  `FrmType` int(11) NOT NULL COMMENT '表单类型',
  `AuthorizeType` int(11) NOT NULL COMMENT '模板权限类型：0完全公开,1指定部门/人员',
  `SortCode` int(11) NOT NULL COMMENT '排序码',
  `DeleteMark` int(11) NOT NULL COMMENT '删除标记',
  `Disabled` int(11) NOT NULL COMMENT '有效',
  `Description` varchar(200) CHARACTER SET utf8 COLLATE utf8_general_ci NULL DEFAULT NULL COMMENT '备注',
  `CreateDate` datetime(0) NOT NULL COMMENT '创建时间',
  `CreateUserId` varchar(50) CHARACTER SET utf8 COLLATE utf8_general_ci NULL DEFAULT NULL COMMENT '创建用户主键',
  `CreateUserName` varchar(50) CHARACTER SET utf8 COLLATE utf8_general_ci NULL DEFAULT NULL COMMENT '创建用户',
  `ModifyDate` datetime(0) NULL DEFAULT NULL COMMENT '修改时间',
  `ModifyUserId` varchar(50) CHARACTER SET utf8 COLLATE utf8_general_ci NULL DEFAULT NULL COMMENT '修改用户主键',
  `ModifyUserName` varchar(50) CHARACTER SET utf8 COLLATE utf8_general_ci NULL DEFAULT NULL COMMENT '修改用户',
  `OrgId` varchar(50) CHARACTER SET utf8 COLLATE utf8_general_ci NULL DEFAULT NULL COMMENT '所属部门',
  PRIMARY KEY (`Id`) USING BTREE
) ENGINE = InnoDB CHARACTER SET = utf8 COLLATE = utf8_general_ci COMMENT = '工作流模板信息表' ROW_FORMAT = Compact;

-- ----------------------------
-- Records of flowscheme
-- ----------------------------
INSERT INTO `flowscheme` VALUES ('0dac17c2-fec7-4bcd-a391-4ff74de8506a', '1581176314276', '带有开发者自定义表单的流程', '', '', '', '{\"nodes\":[{\"type\":\"start round mix\",\"name\":\"开始\",\"icon\":\"iconfont icon-StartOP\",\"belongto\":\"commonNodes\",\"id\":\"start round mix-62ca9d4aab654fe4bb032a7c7f3c0ffd\",\"height\":50,\"left\":3030,\"width\":50,\"top\":3100,\"setInfo\":{\"NodeRejectType\":0,\"NodeConfluenceType\":\"\",\"NodeDesignate\":\"\",\"ThirdPartyUrl\":\"\",\"NodeDesignateData\":{\"users\":[],\"roles\":[],\"Texts\":\"\"}}},{\"type\":\"node\",\"name\":\"任意人可以审批\",\"icon\":\"el-icon-s-tools\",\"belongto\":\"commonNodes\",\"id\":\"node-f72613d22b0e4a98b60e06e97e7cc29b\",\"height\":50,\"left\":3170,\"width\":120,\"top\":3100,\"setInfo\":{\"NodeRejectType\":0,\"NodeConfluenceType\":\"\",\"NodeDesignate\":\"ALL_USER\",\"ThirdPartyUrl\":\"\",\"NodeDesignateData\":{\"users\":[],\"roles\":[],\"Texts\":\"\"}}},{\"type\":\"node\",\"name\":\"只能admin\",\"icon\":\"el-icon-s-tools\",\"belongto\":\"commonNodes\",\"id\":\"node-0a2137225503449d881548df2bed2645\",\"height\":50,\"left\":3170,\"width\":120,\"top\":3215,\"setInfo\":{\"NodeRejectType\":0,\"NodeConfluenceType\":\"\",\"NodeDesignate\":\"SPECIAL_USER\",\"ThirdPartyUrl\":\"\",\"NodeDesignateData\":{\"users\":[\"49df1602-f5f3-4d52-afb7-3802da619558\"],\"roles\":[],\"Texts\":\"admin\"}}},{\"type\":\"end round\",\"name\":\"结束\",\"icon\":\"iconfont icon-End\",\"belongto\":\"commonNodes\",\"id\":\"end round-a2e5f57d2dea46b286d807d544589365\",\"height\":50,\"left\":3375,\"width\":50,\"top\":3220,\"setInfo\":{\"NodeRejectType\":0,\"NodeConfluenceType\":\"\",\"NodeDesignate\":\"\",\"ThirdPartyUrl\":\"\",\"NodeDesignateData\":{\"users\":[],\"roles\":[],\"Texts\":\"\"}}}],\"lines\":[{\"type\":\"sl\",\"id\":\"link-a93b1e9c1114478087e02e9feed0d143\",\"from\":\"start round mix-62ca9d4aab654fe4bb032a7c7f3c0ffd\",\"to\":\"node-f72613d22b0e4a98b60e06e97e7cc29b\",\"label\":\"\",\"cls\":{\"linkType\":\"Flowchart\",\"linkColor\":\"#2a2929\",\"linkThickness\":2}},{\"type\":\"sl\",\"id\":\"link-2b7f9fb923674ae38e59dbde1958db3d\",\"from\":\"node-f72613d22b0e4a98b60e06e97e7cc29b\",\"to\":\"node-0a2137225503449d881548df2bed2645\",\"label\":\"\",\"cls\":{\"linkType\":\"Flowchart\",\"linkColor\":\"#2a2929\",\"linkThickness\":2}},{\"type\":\"sl\",\"id\":\"link-1eb1226c260d4846beb6af47eb789950\",\"from\":\"node-0a2137225503449d881548df2bed2645\",\"to\":\"end round-a2e5f57d2dea46b286d807d544589365\",\"label\":\"\",\"cls\":{\"linkType\":\"Flowchart\",\"linkColor\":\"#2a2929\",\"linkThickness\":2}}],\"attr\":{\"id\":\"flow-7c336cf703d846ca8b62e68178a2718f\"},\"config\":{\"showGrid\":true,\"showGridText\":\"隐藏网格\",\"showGridIcon\":\"el-icon-view\"},\"status\":\"2\",\"remarks\":[]}', '8faff4e5-b729-44d2-ac26-e899a228f63d', 1, 0, 0, 0, 0, '带有开发者自定义表单的流程', '2020-02-09 00:00:15', '', '', '2020-02-14 15:22:15', '', '', NULL);
INSERT INTO `flowscheme` VALUES ('10a87689-b6d0-43eb-8fd4-72c6c80162eb', '1581560010844', '带拖动表单的会签', '', '', '', '{\"nodes\":[{\"type\":\"start round mix\",\"name\":\"开始\",\"icon\":\"iconfont icon-StartOP\",\"belongto\":\"commonNodes\",\"id\":\"start round mix-0da4163593ed44d5866fd920a00847a5\",\"height\":50,\"left\":3100,\"width\":50,\"top\":3045,\"setInfo\":{\"NodeRejectType\":0,\"NodeConfluenceType\":\"\",\"NodeDesignate\":\"\",\"ThirdPartyUrl\":\"\",\"NodeDesignateData\":{\"users\":[],\"roles\":[],\"Texts\":\"\"}}},{\"type\":\"fork\",\"name\":\"会签开始\",\"icon\":\"iconfont icon-fork\",\"belongto\":\"commonNodes\",\"id\":\"fork-fcd5c9623fc345168b484c94d582a91a\",\"height\":50,\"left\":3240,\"width\":120,\"top\":3040,\"setInfo\":{\"NodeRejectType\":0,\"NodeConfluenceType\":\"one\",\"NodeDesignate\":\"ALL_USER\",\"ThirdPartyUrl\":\"\",\"NodeDesignateData\":{\"users\":[],\"roles\":[],\"Texts\":\"\"}}},{\"type\":\"node\",\"name\":\"测试\",\"icon\":\"el-icon-s-tools\",\"belongto\":\"commonNodes\",\"id\":\"node-4cea7bb8654b4b908e9257e7ba2d6df6\",\"height\":50,\"left\":3055,\"width\":120,\"top\":3170,\"setInfo\":{\"NodeRejectType\":0,\"NodeConfluenceType\":\"\",\"NodeDesignate\":\"SPECIAL_ROLE\",\"ThirdPartyUrl\":\"\",\"NodeDesignateData\":{\"users\":[],\"roles\":[\"0a7ebd0c-78d6-4fbc-8fbe-6fc25c3a932d\"],\"Texts\":\"测试\"}}},{\"type\":\"end round\",\"name\":\"结束\",\"icon\":\"iconfont icon-End\",\"belongto\":\"commonNodes\",\"id\":\"end round-15fcebdccb3f4a2d81b233156cb1c10b\",\"height\":50,\"left\":3435,\"width\":50,\"top\":3345,\"setInfo\":{\"NodeRejectType\":0,\"NodeConfluenceType\":\"\",\"NodeDesignate\":\"\",\"ThirdPartyUrl\":\"\",\"NodeDesignateData\":{\"users\":[],\"roles\":[],\"Texts\":\"\"}}},{\"type\":\"join\",\"name\":\"会签结束\",\"icon\":\"iconfont icon-gaibanxianxingtubiao-\",\"belongto\":\"commonNodes\",\"id\":\"join-917b7dc006b341b589fb5ca8e24ed7d6\",\"height\":50,\"left\":3215,\"width\":120,\"top\":3340,\"setInfo\":{\"NodeRejectType\":0,\"NodeConfluenceType\":\"\",\"NodeDesignate\":\"ALL_USER\",\"ThirdPartyUrl\":\"\",\"NodeDesignateData\":{\"users\":[],\"roles\":[],\"Texts\":\"\"}}},{\"type\":\"node\",\"name\":\"管理员\",\"icon\":\"el-icon-s-tools\",\"belongto\":\"commonNodes\",\"id\":\"node-b6d40fccfc974bf49f7687266659d2bd\",\"height\":50,\"left\":3385,\"width\":120,\"top\":3170,\"setInfo\":{\"NodeRejectType\":0,\"NodeConfluenceType\":\"\",\"NodeDesignate\":\"SPECIAL_ROLE\",\"ThirdPartyUrl\":\"\",\"NodeDesignateData\":{\"users\":[],\"roles\":[\"09ee2ffa-7463-4938-ae0b-1cb4e80c7c13\"],\"Texts\":\"管理员\"}}}],\"lines\":[{\"type\":\"sl\",\"id\":\"link-c43760b2b94d4e388f08767b95714c48\",\"from\":\"start round mix-0da4163593ed44d5866fd920a00847a5\",\"to\":\"fork-fcd5c9623fc345168b484c94d582a91a\",\"label\":\"\",\"cls\":{\"linkType\":\"Flowchart\",\"linkColor\":\"#2a2929\",\"linkThickness\":2}},{\"type\":\"sl\",\"id\":\"link-d665d7015434429b98a4625f94315fa8\",\"from\":\"fork-fcd5c9623fc345168b484c94d582a91a\",\"to\":\"node-4cea7bb8654b4b908e9257e7ba2d6df6\",\"label\":\"\",\"cls\":{\"linkType\":\"Flowchart\",\"linkColor\":\"#2a2929\",\"linkThickness\":2}},{\"type\":\"sl\",\"id\":\"link-3b152d51ca894fa68f1b929f06cab7e5\",\"from\":\"fork-fcd5c9623fc345168b484c94d582a91a\",\"to\":\"node-b6d40fccfc974bf49f7687266659d2bd\",\"label\":\"\",\"cls\":{\"linkType\":\"Flowchart\",\"linkColor\":\"#2a2929\",\"linkThickness\":2}},{\"type\":\"sl\",\"id\":\"link-f0c1bbb29dd1407b8b9b6b725a116e38\",\"from\":\"node-4cea7bb8654b4b908e9257e7ba2d6df6\",\"to\":\"join-917b7dc006b341b589fb5ca8e24ed7d6\",\"label\":\"\",\"cls\":{\"linkType\":\"Flowchart\",\"linkColor\":\"#2a2929\",\"linkThickness\":2}},{\"type\":\"sl\",\"id\":\"link-1aa4f3b2f63e4e9a865bc847895d30a4\",\"from\":\"node-b6d40fccfc974bf49f7687266659d2bd\",\"to\":\"join-917b7dc006b341b589fb5ca8e24ed7d6\",\"label\":\"\",\"cls\":{\"linkType\":\"Flowchart\",\"linkColor\":\"#2a2929\",\"linkThickness\":2}},{\"type\":\"sl\",\"id\":\"link-dd3f868fa944481885b0db307104ee76\",\"from\":\"join-917b7dc006b341b589fb5ca8e24ed7d6\",\"to\":\"end round-15fcebdccb3f4a2d81b233156cb1c10b\",\"label\":\"\",\"cls\":{\"linkType\":\"Flowchart\",\"linkColor\":\"#2a2929\",\"linkThickness\":2}}],\"attr\":{\"id\":\"flow-602fd0fbce5749bb826b48d8379e7630\"},\"config\":{\"showGrid\":true,\"showGridText\":\"隐藏网格\",\"showGridIcon\":\"el-icon-view\"},\"status\":\"2\",\"remarks\":[]}', 'bc1721ef-502f-451e-bdb8-da157a8c33b6', 2, 0, 0, 0, 0, '带拖动表单的会签，会签用的是角色', '2020-02-13 02:23:40', '', '', '2020-02-17 21:44:08', '', '', NULL);
INSERT INTO `flowscheme` VALUES ('164db40b-4a35-491d-8c45-98744edacd6c', '1581176314276', '普通动态模板会签', '', '', '', '{\"nodes\":[{\"type\":\"start round mix\",\"name\":\"开始\",\"icon\":\"iconfont icon-StartOP\",\"belongto\":\"commonNodes\",\"id\":\"start round mix-e60c1fdea88d4a348bac9a9ab6044611\",\"height\":50,\"left\":3025,\"width\":50,\"top\":3045,\"setInfo\":{\"NodeRejectType\":0,\"NodeConfluenceType\":\"\",\"NodeDesignate\":\"\",\"ThirdPartyUrl\":\"\",\"NodeDesignateData\":{\"users\":[],\"roles\":[],\"Texts\":\"\"}}},{\"type\":\"fork\",\"name\":\"会签开始（全部通过）\",\"icon\":\"iconfont icon-fork\",\"belongto\":\"commonNodes\",\"id\":\"fork-1f90d45d831b43e38efa7e3626e09a3f\",\"height\":50,\"left\":3160,\"width\":120,\"top\":3040,\"setInfo\":{\"NodeRejectType\":0,\"NodeConfluenceType\":\"all\",\"NodeDesignate\":\"ALL_USER\",\"ThirdPartyUrl\":\"\",\"NodeDesignateData\":{\"users\":[],\"roles\":[],\"Texts\":\"\"}}},{\"type\":\"node\",\"name\":\"test\",\"icon\":\"el-icon-s-tools\",\"belongto\":\"commonNodes\",\"id\":\"node-c06196e21c114c298b0947451a6539b4\",\"height\":50,\"left\":3305,\"width\":120,\"top\":3170,\"setInfo\":{\"NodeRejectType\":0,\"NodeConfluenceType\":\"\",\"NodeDesignate\":\"SPECIAL_USER\",\"ThirdPartyUrl\":\"\",\"NodeDesignateData\":{\"users\":[\"6ba79766-faa0-4259-8139-a4a6d35784e0\"],\"roles\":[],\"Texts\":\"test\"}}},{\"type\":\"node\",\"name\":\"admin\",\"icon\":\"el-icon-s-tools\",\"belongto\":\"commonNodes\",\"id\":\"node-d2addb19f2d349f1878facf2c3f9d0e9\",\"height\":50,\"left\":3070,\"width\":120,\"top\":3170,\"setInfo\":{\"NodeRejectType\":0,\"NodeConfluenceType\":\"\",\"NodeDesignate\":\"SPECIAL_USER\",\"ThirdPartyUrl\":\"\",\"NodeDesignateData\":{\"users\":[\"49df1602-f5f3-4d52-afb7-3802da619558\"],\"roles\":[],\"Texts\":\"admin\"}}},{\"type\":\"end round\",\"name\":\"结束\",\"icon\":\"iconfont icon-End\",\"belongto\":\"commonNodes\",\"id\":\"end round-e230a4da91ac4d8c85727acd0b61bfde\",\"height\":50,\"left\":3060,\"width\":50,\"top\":3330,\"setInfo\":{\"NodeRejectType\":0,\"NodeConfluenceType\":\"\",\"NodeDesignate\":\"\",\"ThirdPartyUrl\":\"\",\"NodeDesignateData\":{\"users\":[],\"roles\":[],\"Texts\":\"\"}}},{\"type\":\"join\",\"name\":\"会签结束\",\"icon\":\"iconfont icon-gaibanxianxingtubiao-\",\"belongto\":\"commonNodes\",\"id\":\"join-2247b5591abf454d997aaa0daaab762c\",\"height\":50,\"left\":3205,\"width\":120,\"top\":3325,\"setInfo\":{\"NodeRejectType\":0,\"NodeConfluenceType\":\"\",\"NodeDesignate\":\"ALL_USER\",\"ThirdPartyUrl\":\"\",\"NodeDesignateData\":{\"users\":[],\"roles\":[],\"Texts\":\"\"}}}],\"lines\":[{\"type\":\"sl\",\"id\":\"link-a2f8e0c1b9d74f55a70f35a7c9f574e3\",\"from\":\"start round mix-e60c1fdea88d4a348bac9a9ab6044611\",\"to\":\"fork-1f90d45d831b43e38efa7e3626e09a3f\",\"label\":\"\",\"cls\":{\"linkType\":\"Flowchart\",\"linkColor\":\"#2a2929\",\"linkThickness\":2}},{\"type\":\"sl\",\"id\":\"link-37c8014035174a278d2cca823c62fb3a\",\"from\":\"fork-1f90d45d831b43e38efa7e3626e09a3f\",\"to\":\"node-d2addb19f2d349f1878facf2c3f9d0e9\",\"label\":\"\",\"cls\":{\"linkType\":\"Flowchart\",\"linkColor\":\"#2a2929\",\"linkThickness\":2}},{\"type\":\"sl\",\"id\":\"link-0b58303df51441ba8a8a5cb4e1ab5113\",\"from\":\"fork-1f90d45d831b43e38efa7e3626e09a3f\",\"to\":\"node-c06196e21c114c298b0947451a6539b4\",\"label\":\"\",\"cls\":{\"linkType\":\"Flowchart\",\"linkColor\":\"#2a2929\",\"linkThickness\":2}},{\"type\":\"sl\",\"id\":\"link-a67fbdb49ff343e596200f0f07b70324\",\"from\":\"node-d2addb19f2d349f1878facf2c3f9d0e9\",\"to\":\"join-2247b5591abf454d997aaa0daaab762c\",\"label\":\"\",\"cls\":{\"linkType\":\"Flowchart\",\"linkColor\":\"#2a2929\",\"linkThickness\":2}},{\"type\":\"sl\",\"id\":\"link-529bb6faa1fd4841b6ca5b2149b74b0c\",\"from\":\"node-c06196e21c114c298b0947451a6539b4\",\"to\":\"join-2247b5591abf454d997aaa0daaab762c\",\"label\":\"\",\"cls\":{\"linkType\":\"Flowchart\",\"linkColor\":\"#2a2929\",\"linkThickness\":2}},{\"type\":\"sl\",\"id\":\"link-f46f2b40d279488d94fc1e2f090e6815\",\"from\":\"join-2247b5591abf454d997aaa0daaab762c\",\"to\":\"end round-e230a4da91ac4d8c85727acd0b61bfde\",\"label\":\"\",\"cls\":{\"linkType\":\"Flowchart\",\"linkColor\":\"#2a2929\",\"linkThickness\":2}}],\"attr\":{\"id\":\"flow-7c95c121da1e491e96d978a86ad11d1c\"},\"config\":{\"showGrid\":true,\"showGridText\":\"隐藏网格\",\"showGridIcon\":\"el-icon-view\"},\"status\":\"2\",\"remarks\":[]}', 'ef89f96a-af33-407c-b02e-897faf46ecf0', 0, 0, 0, 0, 0, '普通动态模板会签，会签用的是指定用户', '2020-02-09 00:05:01', '', '', '2020-02-17 21:45:17', '', '', NULL);
INSERT INTO `flowscheme` VALUES ('18a34903-175b-4cfb-9947-db67b538bbc8', '1581176314276', '带有可拖动表单的流程', '', '', '', '{\"nodes\":[{\"type\":\"start round mix\",\"name\":\"开始\",\"icon\":\"iconfont icon-StartOP\",\"belongto\":\"commonNodes\",\"id\":\"start round mix-dbd6b92da4964dcbb8887a812cdf84c0\",\"height\":50,\"left\":3120,\"width\":50,\"top\":3055,\"setInfo\":{\"NodeRejectType\":0,\"NodeConfluenceType\":\"\",\"NodeDesignate\":\"\",\"ThirdPartyUrl\":\"\",\"NodeDesignateData\":{\"users\":[],\"roles\":[],\"Texts\":\"\"}}},{\"type\":\"node\",\"name\":\"只能管理员角色审批\",\"icon\":\"el-icon-s-tools\",\"belongto\":\"commonNodes\",\"id\":\"node-b41b4c0b07644c2a81ce0c6b09dd2a39\",\"height\":50,\"left\":3125,\"width\":120,\"top\":3165,\"setInfo\":{\"NodeRejectType\":0,\"NodeConfluenceType\":\"\",\"NodeDesignate\":\"SPECIAL_ROLE\",\"ThirdPartyUrl\":\"\",\"NodeDesignateData\":{\"users\":[],\"roles\":[\"09ee2ffa-7463-4938-ae0b-1cb4e80c7c13\"],\"Texts\":\"管理员\"}}},{\"type\":\"node\",\"name\":\"测试角色\",\"icon\":\"el-icon-s-tools\",\"belongto\":\"commonNodes\",\"id\":\"node-50c136954e4b446aaa658cd82691b3ab\",\"height\":50,\"left\":3275,\"width\":120,\"top\":3075,\"setInfo\":{\"NodeRejectType\":0,\"NodeConfluenceType\":\"\",\"NodeDesignate\":\"SPECIAL_ROLE\",\"ThirdPartyUrl\":\"\",\"NodeDesignateData\":{\"users\":[],\"roles\":[\"0a7ebd0c-78d6-4fbc-8fbe-6fc25c3a932d\",\"d27ae3cf-135f-4d57-93a6-2120ddf98650\"],\"Texts\":\"测试,测试二组\"}}},{\"type\":\"end round\",\"name\":\"结束\",\"icon\":\"iconfont icon-End\",\"belongto\":\"commonNodes\",\"id\":\"end round-75639d9c27344d988bc557349389b451\",\"height\":50,\"left\":3395,\"width\":50,\"top\":3175,\"setInfo\":{\"NodeRejectType\":0,\"NodeConfluenceType\":\"\",\"NodeDesignate\":\"\",\"ThirdPartyUrl\":\"\",\"NodeDesignateData\":{\"users\":[],\"roles\":[],\"Texts\":\"\"}}}],\"lines\":[{\"type\":\"sl\",\"id\":\"link-9cfa4906026d450c8ed2f2af0f74b6e6\",\"from\":\"start round mix-dbd6b92da4964dcbb8887a812cdf84c0\",\"to\":\"node-b41b4c0b07644c2a81ce0c6b09dd2a39\",\"label\":\"\",\"cls\":{\"linkType\":\"Flowchart\",\"linkColor\":\"#2a2929\",\"linkThickness\":2}},{\"type\":\"sl\",\"id\":\"link-d34ad3e607f34f0ca0d14a893e0de806\",\"from\":\"node-b41b4c0b07644c2a81ce0c6b09dd2a39\",\"to\":\"node-50c136954e4b446aaa658cd82691b3ab\",\"label\":\"\",\"cls\":{\"linkType\":\"Flowchart\",\"linkColor\":\"#2a2929\",\"linkThickness\":2}},{\"type\":\"sl\",\"id\":\"link-309049ec109848deab2fa98374c3a34d\",\"from\":\"node-50c136954e4b446aaa658cd82691b3ab\",\"to\":\"end round-75639d9c27344d988bc557349389b451\",\"label\":\"\",\"cls\":{\"linkType\":\"Flowchart\",\"linkColor\":\"#2a2929\",\"linkThickness\":2}}],\"attr\":{\"id\":\"flow-c2c3fe0c38f349de8124f9502a0cba01\"},\"config\":{\"showGrid\":true,\"showGridText\":\"隐藏网格\",\"showGridIcon\":\"el-icon-view\"},\"status\":\"0\",\"remarks\":[]}', 'bc1721ef-502f-451e-bdb8-da157a8c33b6', 2, 0, 0, 0, 0, '带有可拖动表单的流程', '2020-02-09 00:02:01', '', '', '2020-02-09 00:02:01', '', '', NULL);
INSERT INTO `flowscheme` VALUES ('29bedb3c-9bda-40bc-a011-9ae48ece57a9', '1581176314276', '普通的动态表单流程', '', '', '', '{\"nodes\":[{\"type\":\"start round mix\",\"name\":\"开始\",\"icon\":\"iconfont icon-StartOP\",\"belongto\":\"commonNodes\",\"id\":\"start round mix-44a825fce57b4b738ed88b8f73f2ccd9\",\"height\":50,\"left\":3395,\"width\":50,\"top\":3055,\"setInfo\":{\"NodeRejectType\":0,\"NodeConfluenceType\":\"\",\"NodeDesignate\":\"\",\"ThirdPartyUrl\":\"\",\"NodeDesignateData\":{\"users\":[],\"roles\":[],\"Texts\":\"\"}}},{\"type\":\"node\",\"name\":\"所有人都可以直接审批\",\"icon\":\"el-icon-s-tools\",\"belongto\":\"commonNodes\",\"id\":\"node-b10d6915f01b4a5b8acca5932eea4776\",\"height\":50,\"left\":3360,\"width\":120,\"top\":3160,\"setInfo\":{\"NodeRejectType\":0,\"NodeConfluenceType\":\"\",\"NodeDesignate\":\"ALL_USER\",\"ThirdPartyUrl\":\"\",\"NodeDesignateData\":{\"users\":[],\"roles\":[],\"Texts\":\"\"}}},{\"type\":\"end round\",\"name\":\"结束\",\"icon\":\"iconfont icon-End\",\"belongto\":\"commonNodes\",\"id\":\"end round-56b9f570d62d402082fc3b88216c3d05\",\"height\":50,\"left\":3355,\"width\":50,\"top\":3320,\"setInfo\":{\"NodeRejectType\":0,\"NodeConfluenceType\":\"\",\"NodeDesignate\":\"\",\"ThirdPartyUrl\":\"\",\"NodeDesignateData\":{\"users\":[],\"roles\":[],\"Texts\":\"\"}}}],\"lines\":[{\"type\":\"sl\",\"id\":\"link-d10fc3e1a2164d2b855721c3298bb021\",\"from\":\"start round mix-44a825fce57b4b738ed88b8f73f2ccd9\",\"to\":\"node-b10d6915f01b4a5b8acca5932eea4776\",\"label\":\"\",\"cls\":{\"linkType\":\"Flowchart\",\"linkColor\":\"#2a2929\",\"linkThickness\":2}},{\"type\":\"sl\",\"id\":\"link-0c0f8337aa33419280dac4767f3507e4\",\"from\":\"node-b10d6915f01b4a5b8acca5932eea4776\",\"to\":\"end round-56b9f570d62d402082fc3b88216c3d05\",\"label\":\"\",\"cls\":{\"linkType\":\"Flowchart\",\"linkColor\":\"#2a2929\",\"linkThickness\":2}}],\"attr\":{\"id\":\"flow-b22dd0616ee44357b665a4a39974f71d\"},\"config\":{\"showGrid\":true,\"showGridText\":\"隐藏网格\",\"showGridIcon\":\"el-icon-view\"},\"status\":\"0\",\"remarks\":[]}', 'ef89f96a-af33-407c-b02e-897faf46ecf0', 0, 0, 0, 0, 0, '里面使用普通的动态表单', '2020-02-08 23:58:13', '', '', '2020-02-08 23:58:13', '', '', NULL);
INSERT INTO `flowscheme` VALUES ('5c003bdb-9387-44f6-a8be-a962cbfb5440', '1581945369071', '带分支条件的拖动表单', '', '', '', '{\"nodes\":[{\"type\":\"start round mix\",\"name\":\"开始\",\"icon\":\"iconfont icon-StartOP\",\"defaultIcon\":\"iconfont icon-StartOP\",\"belongto\":\"commonNodes\",\"id\":\"start round mix-2136073f92c84be78e2094ef5dca3623\",\"height\":50,\"left\":3120,\"width\":50,\"top\":3070,\"setInfo\":{\"NodeRejectType\":0,\"NodeConfluenceType\":\"\",\"NodeDesignate\":\"\",\"ThirdPartyUrl\":\"\",\"NodeDesignateData\":{\"users\":[],\"roles\":[],\"Texts\":\"\"}}},{\"type\":\"node\",\"name\":\"任何人都可以\",\"icon\":\"el-icon-s-tools\",\"defaultIcon\":\"el-icon-s-tools\",\"belongto\":\"commonNodes\",\"id\":\"node-055de16b58b84b7b84a65a14c4b268d5\",\"height\":50,\"left\":3245,\"width\":120,\"top\":3070,\"setInfo\":{\"NodeRejectType\":0,\"NodeConfluenceType\":\"\",\"NodeDesignate\":\"ALL_USER\",\"ThirdPartyUrl\":\"\",\"NodeDesignateData\":{\"users\":[],\"roles\":[],\"Texts\":\"\"}}},{\"type\":\"node\",\"name\":\"admin可审批\",\"icon\":\"el-icon-s-tools\",\"defaultIcon\":\"el-icon-s-tools\",\"belongto\":\"commonNodes\",\"id\":\"node-6677559156ca40888d9cdf8f9bda9679\",\"height\":50,\"left\":3120,\"width\":120,\"top\":3205,\"setInfo\":{\"NodeRejectType\":0,\"NodeConfluenceType\":\"\",\"NodeDesignate\":\"SPECIAL_USER\",\"ThirdPartyUrl\":\"\",\"NodeDesignateData\":{\"users\":[\"49df1602-f5f3-4d52-afb7-3802da619558\"],\"roles\":[],\"Texts\":\"admin\"}}},{\"type\":\"node\",\"name\":\"test可审批\",\"icon\":\"el-icon-s-tools\",\"defaultIcon\":\"el-icon-s-tools\",\"belongto\":\"commonNodes\",\"id\":\"node-28590cbd76ab4b0b82a609de24b46b8f\",\"height\":50,\"left\":3370,\"width\":120,\"top\":3205,\"setInfo\":{\"NodeRejectType\":0,\"NodeConfluenceType\":\"\",\"NodeDesignate\":\"SPECIAL_USER\",\"ThirdPartyUrl\":\"\",\"NodeDesignateData\":{\"users\":[\"6ba79766-faa0-4259-8139-a4a6d35784e0\"],\"roles\":[],\"Texts\":\"test\"}}},{\"type\":\"node\",\"name\":\"归档处理\",\"icon\":\"el-icon-s-tools\",\"defaultIcon\":\"el-icon-s-tools\",\"belongto\":\"commonNodes\",\"id\":\"node-72f5d745fc284754955b869bcf5a45ce\",\"height\":50,\"left\":3240,\"width\":120,\"top\":3360,\"setInfo\":{\"NodeRejectType\":0,\"NodeConfluenceType\":\"\",\"NodeDesignate\":\"ALL_USER\",\"ThirdPartyUrl\":\"\",\"NodeDesignateData\":{\"users\":[],\"roles\":[],\"Texts\":\"\"}}},{\"type\":\"end round\",\"name\":\"结束\",\"icon\":\"iconfont icon-End\",\"defaultIcon\":\"iconfont icon-End\",\"belongto\":\"commonNodes\",\"id\":\"end round-e119651459854efe8d595c53ce6de867\",\"height\":50,\"left\":3065,\"width\":50,\"top\":3360,\"setInfo\":{\"NodeRejectType\":0,\"NodeConfluenceType\":\"\",\"NodeDesignate\":\"\",\"ThirdPartyUrl\":\"\",\"NodeDesignateData\":{\"users\":[],\"roles\":[],\"Texts\":\"\"}}}],\"lines\":[{\"type\":\"sl\",\"id\":\"link-2b97c29665fb4efaaa5e98b866349e86\",\"from\":\"start round mix-2136073f92c84be78e2094ef5dca3623\",\"to\":\"node-055de16b58b84b7b84a65a14c4b268d5\",\"label\":\"\",\"cls\":{\"linkType\":\"Flowchart\",\"linkColor\":\"#2a2929\",\"linkThickness\":2}},{\"type\":\"sl\",\"id\":\"link-338ec915866f4a168da3045aba656c4b\",\"from\":\"node-055de16b58b84b7b84a65a14c4b268d5\",\"to\":\"node-6677559156ca40888d9cdf8f9bda9679\",\"label\":\"加班时长大于10\",\"cls\":{\"linkType\":\"Flowchart\",\"linkColor\":\"#2a2929\",\"linkThickness\":2},\"Compares\":[{\"FieldName\":\"Time\",\"Operation\":\">\",\"Value\":\"10\"}]},{\"type\":\"sl\",\"id\":\"link-30743fcbd4f448318ee2b5170afc5b17\",\"from\":\"node-055de16b58b84b7b84a65a14c4b268d5\",\"to\":\"node-28590cbd76ab4b0b82a609de24b46b8f\",\"label\":\"小于等于10咯\",\"cls\":{\"linkType\":\"Flowchart\",\"linkColor\":\"#2a2929\",\"linkThickness\":2},\"Compares\":[{\"FieldName\":\"Time\",\"Operation\":\"<=\",\"Value\":\"10\"}]},{\"type\":\"sl\",\"id\":\"link-05d297106b8e4d4787625e486ccde78c\",\"from\":\"node-6677559156ca40888d9cdf8f9bda9679\",\"to\":\"node-72f5d745fc284754955b869bcf5a45ce\",\"label\":\"\",\"cls\":{\"linkType\":\"Flowchart\",\"linkColor\":\"#2a2929\",\"linkThickness\":2}},{\"type\":\"sl\",\"id\":\"link-d5045a19c58a4e7689d86627be882271\",\"from\":\"node-28590cbd76ab4b0b82a609de24b46b8f\",\"to\":\"node-72f5d745fc284754955b869bcf5a45ce\",\"label\":\"\",\"cls\":{\"linkType\":\"Flowchart\",\"linkColor\":\"#2a2929\",\"linkThickness\":2}},{\"type\":\"sl\",\"id\":\"link-692378248f3343678b3df509b070308d\",\"from\":\"node-72f5d745fc284754955b869bcf5a45ce\",\"to\":\"end round-e119651459854efe8d595c53ce6de867\",\"label\":\"\",\"cls\":{\"linkType\":\"Flowchart\",\"linkColor\":\"#2a2929\",\"linkThickness\":2}}],\"attr\":{\"id\":\"flow-6781f69894c04b888334ec4f0d4e8717\"},\"config\":{\"showGrid\":true,\"showGridText\":\"隐藏网格\",\"showGridIcon\":\"el-icon-view\"},\"status\":\"2\",\"remarks\":[]}', 'bc1721ef-502f-451e-bdb8-da157a8c33b6', 2, 0, 0, 0, 0, '带分支条件的拖动表单', '2020-02-17 21:27:04', '', '', '2020-02-17 21:27:49', '', '', NULL);
INSERT INTO `flowscheme` VALUES ('8b170bb7-3395-4533-9b6d-56f528cb349d', '1584624226987', '【研发小组】年龄调研', '', '', '', '{\"nodes\":[{\"type\":\"end round\",\"name\":\"结束\",\"icon\":\"iconfont icon-End\",\"defaultIcon\":\"iconfont icon-End\",\"belongto\":\"commonNodes\",\"id\":\"end round-20fb0ee70a7542eba84258ea391d1a4b\",\"height\":50,\"left\":3340,\"width\":50,\"top\":3235,\"setInfo\":{\"NodeRejectType\":0,\"NodeConfluenceType\":\"\",\"NodeDesignate\":\"\",\"ThirdPartyUrl\":\"\",\"NodeDesignateData\":{\"users\":[],\"roles\":[],\"Texts\":\"\"}}},{\"type\":\"node\",\"name\":\"任务节点\",\"icon\":\"el-icon-s-tools\",\"defaultIcon\":\"el-icon-s-tools\",\"belongto\":\"commonNodes\",\"id\":\"node-801dbb1867ac47c79c7dce9ee0b39abb\",\"height\":50,\"left\":3345,\"width\":120,\"top\":3090,\"setInfo\":{\"NodeRejectType\":0,\"NodeConfluenceType\":\"\",\"NodeDesignate\":\"ALL_USER\",\"ThirdPartyUrl\":\"\",\"NodeDesignateData\":{\"users\":[],\"roles\":[],\"Texts\":\"\"}}},{\"type\":\"start round mix\",\"name\":\"开始\",\"icon\":\"iconfont icon-StartOP\",\"defaultIcon\":\"iconfont icon-StartOP\",\"belongto\":\"commonNodes\",\"id\":\"start round mix-96effc2938dd47929306e288670fe3bd\",\"height\":50,\"left\":3200,\"width\":50,\"top\":3085,\"setInfo\":{\"NodeRejectType\":0,\"NodeConfluenceType\":\"\",\"NodeDesignate\":\"\",\"ThirdPartyUrl\":\"\",\"NodeDesignateData\":{\"users\":[],\"roles\":[],\"Texts\":\"\"}}}],\"lines\":[{\"type\":\"sl\",\"id\":\"link-5ec5e4ab873e4b058b6c845744ae9bd0\",\"from\":\"start round mix-96effc2938dd47929306e288670fe3bd\",\"to\":\"node-801dbb1867ac47c79c7dce9ee0b39abb\",\"label\":\"\",\"cls\":{\"linkType\":\"Flowchart\",\"linkColor\":\"#2a2929\",\"linkThickness\":2}},{\"type\":\"sl\",\"id\":\"link-bd6894b1fd7d4a739c7e37f1b505ad79\",\"from\":\"node-801dbb1867ac47c79c7dce9ee0b39abb\",\"to\":\"end round-20fb0ee70a7542eba84258ea391d1a4b\",\"label\":\"\",\"cls\":{\"linkType\":\"Flowchart\",\"linkColor\":\"#2a2929\",\"linkThickness\":2}}],\"attr\":{\"id\":\"flow-6de57ce301a844678faa8167f720e652\"},\"config\":{\"showGrid\":true,\"showGridText\":\"隐藏网格\",\"showGridIcon\":\"el-icon-view\"},\"status\":\"0\",\"remarks\":[]}', '765e24fc-2703-4d06-8272-cc1db95b7c24', 2, 0, 0, 0, 0, '只有【test】账号或可以看到【研发小组】的【管理员】才能看到', '2020-03-19 13:24:59', '6ba79766-faa0-4259-8139-a4a6d35784e0', 'test', '2020-03-19 21:26:12', '', '', '08f41bf6-4388-4b1e-bd3e-2ff538b44b1b');
INSERT INTO `flowscheme` VALUES ('96cf2461-4fb0-4fac-9b62-01d2f93d363c', '1584626378582', '【研发小组】考核表', '', '', '', '{\"nodes\":[{\"type\":\"node\",\"name\":\"任务节点\",\"icon\":\"el-icon-s-tools\",\"defaultIcon\":\"el-icon-s-tools\",\"belongto\":\"commonNodes\",\"id\":\"node-fa701d9fe52042b885727aabb58edf71\",\"height\":50,\"left\":3150,\"width\":120,\"top\":3185,\"setInfo\":{\"NodeRejectType\":0,\"NodeConfluenceType\":\"\",\"NodeDesignate\":\"ALL_USER\",\"ThirdPartyUrl\":\"\",\"NodeDesignateData\":{\"users\":[],\"roles\":[],\"Texts\":\"\"}}},{\"type\":\"end round\",\"name\":\"结束\",\"icon\":\"iconfont icon-End\",\"defaultIcon\":\"iconfont icon-End\",\"belongto\":\"commonNodes\",\"id\":\"end round-a52fe73477b344e88e77fe93f07deb02\",\"height\":50,\"left\":3240,\"width\":50,\"top\":3320,\"setInfo\":{\"NodeRejectType\":0,\"NodeConfluenceType\":\"\",\"NodeDesignate\":\"\",\"ThirdPartyUrl\":\"\",\"NodeDesignateData\":{\"users\":[],\"roles\":[],\"Texts\":\"\"}}},{\"type\":\"start round mix\",\"name\":\"开始\",\"icon\":\"iconfont icon-StartOP\",\"defaultIcon\":\"iconfont icon-StartOP\",\"belongto\":\"commonNodes\",\"id\":\"start round mix-f969b840648d45df86c37ffd0df52c2a\",\"height\":50,\"left\":3205,\"width\":50,\"top\":3080,\"setInfo\":{\"NodeRejectType\":0,\"NodeConfluenceType\":\"\",\"NodeDesignate\":\"\",\"ThirdPartyUrl\":\"\",\"NodeDesignateData\":{\"users\":[],\"roles\":[],\"Texts\":\"\"}}}],\"lines\":[{\"type\":\"sl\",\"id\":\"link-8e9b2ec724fa473f9bc6e00be45fa255\",\"from\":\"start round mix-f969b840648d45df86c37ffd0df52c2a\",\"to\":\"node-fa701d9fe52042b885727aabb58edf71\",\"label\":\"\",\"cls\":{\"linkType\":\"Flowchart\",\"linkColor\":\"#2a2929\",\"linkThickness\":2}},{\"type\":\"sl\",\"id\":\"link-ca496d543ff4464a8ca7d33f930b761c\",\"from\":\"node-fa701d9fe52042b885727aabb58edf71\",\"to\":\"end round-a52fe73477b344e88e77fe93f07deb02\",\"label\":\"\",\"cls\":{\"linkType\":\"Flowchart\",\"linkColor\":\"#2a2929\",\"linkThickness\":2}}],\"attr\":{\"id\":\"flow-2a764ed0fc1f420c8805c58c7786cef9\"},\"config\":{\"showGrid\":true,\"showGridText\":\"隐藏网格\",\"showGridIcon\":\"el-icon-view\"},\"status\":\"0\",\"remarks\":[]}', '765e24fc-2703-4d06-8272-cc1db95b7c24', 2, 0, 0, 0, 0, '这个流程模板只有可以看到【研发小组】的【管理员】才能看到', '2020-03-19 14:00:11', '49df1602-f5f3-4d52-afb7-3802da619558', 'admin', '2020-03-19 22:00:41', '', '', '08f41bf6-4388-4b1e-bd3e-2ff538b44b1b');
INSERT INTO `flowscheme` VALUES ('a0d4de72-dd69-4af4-8492-2908e37bc300', '1581747337303', '带分支条件/普通动态表单的模板', '', '', '', '{\"nodes\":[{\"type\":\"start round mix\",\"name\":\"开始\",\"icon\":\"iconfont icon-StartOP\",\"belongto\":\"commonNodes\",\"id\":\"start round mix-a81449b44c8e42c38a13f6c280887e41\",\"height\":50,\"left\":3260,\"width\":50,\"top\":3035,\"setInfo\":{\"NodeRejectType\":0,\"NodeConfluenceType\":\"\",\"NodeDesignate\":\"\",\"ThirdPartyUrl\":\"\",\"NodeDesignateData\":{\"users\":[],\"roles\":[],\"Texts\":\"\"}}},{\"type\":\"node\",\"name\":\"任务节点\",\"icon\":\"el-icon-s-tools\",\"belongto\":\"commonNodes\",\"id\":\"node-f1e16c8afbc746ec8d97657b6ce7abeb\",\"height\":50,\"left\":3380,\"width\":120,\"top\":3030,\"setInfo\":{\"NodeRejectType\":0,\"NodeConfluenceType\":\"\",\"NodeDesignate\":\"ALL_USER\",\"ThirdPartyUrl\":\"\",\"NodeDesignateData\":{\"users\":[],\"roles\":[],\"Texts\":\"\"}}},{\"type\":\"end round\",\"name\":\"结束\",\"icon\":\"iconfont icon-End\",\"belongto\":\"commonNodes\",\"id\":\"end round-1fd43e907680452da6c5170c39126027\",\"height\":50,\"left\":3095,\"width\":50,\"top\":3520,\"setInfo\":{\"NodeRejectType\":0,\"NodeConfluenceType\":\"\",\"NodeDesignate\":\"\",\"ThirdPartyUrl\":\"\",\"NodeDesignateData\":{\"users\":[],\"roles\":[],\"Texts\":\"\"}}},{\"type\":\"node\",\"name\":\"test处理\",\"icon\":\"el-icon-s-tools\",\"belongto\":\"commonNodes\",\"id\":\"node-e13f6949b57c43e8b3211f8ede54721b\",\"height\":50,\"left\":3165,\"width\":120,\"top\":3235,\"setInfo\":{\"NodeRejectType\":0,\"NodeConfluenceType\":\"\",\"NodeDesignate\":\"SPECIAL_USER\",\"ThirdPartyUrl\":\"\",\"NodeDesignateData\":{\"users\":[\"6ba79766-faa0-4259-8139-a4a6d35784e0\"],\"roles\":[],\"Texts\":\"test\"}}},{\"type\":\"node\",\"name\":\"归档处理\",\"icon\":\"el-icon-s-tools\",\"belongto\":\"commonNodes\",\"id\":\"node-de7524e4595141c797de7f1c1cc078f1\",\"height\":50,\"left\":3165,\"width\":120,\"top\":3390,\"setInfo\":{\"NodeRejectType\":0,\"NodeConfluenceType\":\"\",\"NodeDesignate\":\"ALL_USER\",\"ThirdPartyUrl\":\"\",\"NodeDesignateData\":{\"users\":[],\"roles\":[],\"Texts\":\"\"}}},{\"type\":\"node\",\"name\":\"admin处理\",\"icon\":\"el-icon-s-tools\",\"belongto\":\"commonNodes\",\"id\":\"node-3b6ab94c2c8a40ce87bfc2ce49818c0d\",\"height\":50,\"left\":3505,\"width\":120,\"top\":3335,\"setInfo\":{\"NodeRejectType\":0,\"NodeConfluenceType\":\"\",\"NodeDesignate\":\"SPECIAL_USER\",\"ThirdPartyUrl\":\"\",\"NodeDesignateData\":{\"users\":[\"49df1602-f5f3-4d52-afb7-3802da619558\"],\"roles\":[],\"Texts\":\"admin\"}}}],\"lines\":[{\"type\":\"sl\",\"id\":\"link-83708c1b3d4e4e5882f14df403e9b06a\",\"from\":\"start round mix-a81449b44c8e42c38a13f6c280887e41\",\"to\":\"node-f1e16c8afbc746ec8d97657b6ce7abeb\",\"label\":\"\",\"cls\":{\"linkType\":\"Flowchart\",\"linkColor\":\"#2a2929\",\"linkThickness\":2}},{\"type\":\"sl\",\"id\":\"link-8427a585c660430fb7f65f86eda8a6eb\",\"from\":\"node-f1e16c8afbc746ec8d97657b6ce7abeb\",\"to\":\"node-e13f6949b57c43e8b3211f8ede54721b\",\"label\":\"小于等于3天\",\"cls\":{\"linkType\":\"Flowchart\",\"linkColor\":\"#2a2929\",\"linkThickness\":2},\"Compares\":[{\"FieldName\":\"DAYS\",\"Operation\":\"<=\",\"Value\":\"3\"}]},{\"type\":\"sl\",\"id\":\"link-963bfce8c7f04f178af39f736c629092\",\"from\":\"node-f1e16c8afbc746ec8d97657b6ce7abeb\",\"to\":\"node-3b6ab94c2c8a40ce87bfc2ce49818c0d\",\"label\":\"大于3天的\",\"cls\":{\"linkType\":\"Flowchart\",\"linkColor\":\"#2a2929\",\"linkThickness\":2},\"Compares\":[{\"FieldName\":\"DAYS\",\"Operation\":\">\",\"Value\":\"3\"}]},{\"type\":\"sl\",\"id\":\"link-54333e198f3149cb8a9140e8d8e92ef5\",\"from\":\"node-e13f6949b57c43e8b3211f8ede54721b\",\"to\":\"node-de7524e4595141c797de7f1c1cc078f1\",\"label\":\"\",\"cls\":{\"linkType\":\"Flowchart\",\"linkColor\":\"#2a2929\",\"linkThickness\":2}},{\"type\":\"sl\",\"id\":\"link-26f29454cd364a2db1c00bfb9282bac6\",\"from\":\"node-3b6ab94c2c8a40ce87bfc2ce49818c0d\",\"to\":\"node-de7524e4595141c797de7f1c1cc078f1\",\"label\":\"\",\"cls\":{\"linkType\":\"Flowchart\",\"linkColor\":\"#2a2929\",\"linkThickness\":2}},{\"type\":\"sl\",\"id\":\"link-28bef103c14640dc8828e568a5db2d4d\",\"from\":\"node-de7524e4595141c797de7f1c1cc078f1\",\"to\":\"end round-1fd43e907680452da6c5170c39126027\",\"label\":\"\",\"cls\":{\"linkType\":\"Flowchart\",\"linkColor\":\"#2a2929\",\"linkThickness\":2}}],\"attr\":{\"id\":\"flow-95196daaaa7c4a468783664aed350ca0\"},\"config\":{\"showGrid\":true,\"showGridText\":\"隐藏网格\",\"showGridIcon\":\"el-icon-view\"},\"status\":\"2\",\"remarks\":[]}', 'ef89f96a-af33-407c-b02e-897faf46ecf0', 0, 0, 0, 0, 0, '带分支条件/普通动态表单的模板', '2020-02-15 14:21:48', '', '', '2020-02-15 14:23:38', '', '', NULL);
INSERT INTO `flowscheme` VALUES ('a96227c9-48da-411f-a843-f7c480a212ce', '1584628280559', '【研发小组】测试申请单', '', '', '', '{\"nodes\":[{\"type\":\"end round\",\"name\":\"结束\",\"icon\":\"iconfont icon-End\",\"defaultIcon\":\"iconfont icon-End\",\"belongto\":\"commonNodes\",\"id\":\"end round-b0a96c21e97e4da1bc8529c955e852be\",\"height\":50,\"left\":3090,\"width\":50,\"top\":3270,\"setInfo\":{\"NodeRejectType\":0,\"NodeConfluenceType\":\"\",\"NodeDesignate\":\"\",\"ThirdPartyUrl\":\"\",\"NodeDesignateData\":{\"users\":[],\"roles\":[],\"Texts\":\"\"}}},{\"type\":\"node\",\"name\":\"任务节点\",\"icon\":\"el-icon-s-tools\",\"defaultIcon\":\"el-icon-s-tools\",\"belongto\":\"commonNodes\",\"id\":\"node-2dad37c80cae4583b2f281bfebc97eb8\",\"height\":50,\"left\":3100,\"width\":120,\"top\":3140,\"setInfo\":{\"NodeRejectType\":0,\"NodeConfluenceType\":\"\",\"NodeDesignate\":\"ALL_USER\",\"ThirdPartyUrl\":\"\",\"NodeDesignateData\":{\"users\":[],\"roles\":[],\"Texts\":\"\"}}},{\"type\":\"start round mix\",\"name\":\"开始\",\"icon\":\"iconfont icon-StartOP\",\"defaultIcon\":\"iconfont icon-StartOP\",\"belongto\":\"commonNodes\",\"id\":\"start round mix-7c2e17927e0d4d0ea1c7f23e4bc79902\",\"height\":50,\"left\":3135,\"width\":50,\"top\":3045,\"setInfo\":{\"NodeRejectType\":0,\"NodeConfluenceType\":\"\",\"NodeDesignate\":\"\",\"ThirdPartyUrl\":\"\",\"NodeDesignateData\":{\"users\":[],\"roles\":[],\"Texts\":\"\"}}}],\"lines\":[{\"type\":\"sl\",\"id\":\"link-3a15b7ac468c4868a68a22926329c4e7\",\"from\":\"start round mix-7c2e17927e0d4d0ea1c7f23e4bc79902\",\"to\":\"node-2dad37c80cae4583b2f281bfebc97eb8\",\"label\":\"\",\"cls\":{\"linkType\":\"Flowchart\",\"linkColor\":\"#2a2929\",\"linkThickness\":2}},{\"type\":\"sl\",\"id\":\"link-cd070f33d14848059dbf788bf3a4fd4f\",\"from\":\"node-2dad37c80cae4583b2f281bfebc97eb8\",\"to\":\"end round-b0a96c21e97e4da1bc8529c955e852be\",\"label\":\"\",\"cls\":{\"linkType\":\"Flowchart\",\"linkColor\":\"#2a2929\",\"linkThickness\":2}}],\"attr\":{\"id\":\"flow-523bf46813c44a77834ce3793e9a191b\"},\"config\":{\"showGrid\":true,\"showGridText\":\"隐藏网格\",\"showGridIcon\":\"el-icon-view\"},\"status\":\"0\",\"remarks\":[]}', '765e24fc-2703-4d06-8272-cc1db95b7c24', 2, 0, 0, 0, 0, '只有【test3】账号或可以看到【研发小组】的【管理员】才能看到', '2020-03-19 22:33:25', '229f3a49-ab27-49ce-b383-9f10ca23a9d5', 'test3', '2020-03-19 22:33:25', '', '', '08f41bf6-4388-4b1e-bd3e-2ff538b44b1b');

-- ----------------------------
-- Table structure for form
-- ----------------------------
DROP TABLE IF EXISTS `form`;
CREATE TABLE `form`  (
  `Id` varchar(50) CHARACTER SET utf8 COLLATE utf8_general_ci NOT NULL COMMENT '表单模板Id',
  `Name` varchar(200) CHARACTER SET utf8 COLLATE utf8_general_ci NULL DEFAULT NULL COMMENT '表单名称',
  `FrmType` int(11) NOT NULL COMMENT '表单类型，0：默认动态表单；1：Web自定义表单',
  `WebId` varchar(50) CHARACTER SET utf8 COLLATE utf8_general_ci NULL DEFAULT NULL COMMENT '系统页面标识，当表单类型为用Web自定义的表单时，需要标识加载哪个页面',
  `Fields` int(11) NOT NULL COMMENT '字段个数',
  `ContentData` longtext CHARACTER SET utf8 COLLATE utf8_general_ci NULL COMMENT '表单中的控件属性描述',
  `ContentParse` longtext CHARACTER SET utf8 COLLATE utf8_general_ci NULL COMMENT '表单控件位置模板',
  `Content` longtext CHARACTER SET utf8 COLLATE utf8_general_ci NULL COMMENT '表单原html模板未经处理的',
  `SortCode` int(11) NOT NULL COMMENT '排序码',
  `DeleteMark` int(11) NOT NULL COMMENT '删除标记',
  `DbName` varchar(50) CHARACTER SET utf8 COLLATE utf8_general_ci NULL DEFAULT NULL COMMENT '数据库名称',
  `Disabled` int(11) NOT NULL COMMENT '有效',
  `Description` varchar(200) CHARACTER SET utf8 COLLATE utf8_general_ci NULL DEFAULT NULL COMMENT '备注',
  `CreateDate` datetime(0) NOT NULL COMMENT '创建时间',
  `CreateUserId` varchar(50) CHARACTER SET utf8 COLLATE utf8_general_ci NULL DEFAULT NULL COMMENT '创建用户主键',
  `CreateUserName` varchar(50) CHARACTER SET utf8 COLLATE utf8_general_ci NULL DEFAULT NULL COMMENT '创建用户',
  `ModifyDate` datetime(0) NULL DEFAULT NULL COMMENT '修改时间',
  `ModifyUserId` varchar(50) CHARACTER SET utf8 COLLATE utf8_general_ci NULL DEFAULT NULL COMMENT '修改用户主键',
  `ModifyUserName` varchar(50) CHARACTER SET utf8 COLLATE utf8_general_ci NULL DEFAULT NULL COMMENT '修改用户',
  `OrgId` varchar(50) CHARACTER SET utf8 COLLATE utf8_general_ci NULL DEFAULT NULL COMMENT '所属部门',
  PRIMARY KEY (`Id`) USING BTREE
) ENGINE = InnoDB CHARACTER SET = utf8 COLLATE = utf8_general_ci COMMENT = '表单模板表' ROW_FORMAT = Compact;

-- ----------------------------
-- Records of form
-- ----------------------------
INSERT INTO `form` VALUES ('765e24fc-2703-4d06-8272-cc1db95b7c24', '【研发小组】新人报到', 2, '', 0, '{\"list\":[{\"type\":\"text\",\"icon\":\"icon-wenzishezhi-\",\"name\":\"\",\"options\":{\"defaultValue\":\"欢迎\",\"customClass\":\"\",\"remoteFunc\":\"func_1584546469000_92642\"},\"key\":\"1584546469000_92642\",\"model\":\"text_1584546469000_92642\",\"rules\":[]},{\"type\":\"input\",\"icon\":\"icon-input\",\"name\":\"\",\"options\":{\"width\":\"100%\",\"defaultValue\":\"\",\"required\":false,\"dataType\":\"string\",\"pattern\":\"\",\"placeholder\":\"\",\"disabled\":false,\"remoteFunc\":\"func_1584546493000_81920\"},\"key\":\"1584546493000_81920\",\"model\":\"USERNAME\",\"rules\":[{\"type\":\"string\",\"message\":\"USERNAME格式不正确\"}]},{\"type\":\"text\",\"icon\":\"icon-wenzishezhi-\",\"name\":\"\",\"options\":{\"defaultValue\":\"加入\",\"customClass\":\"\",\"remoteFunc\":\"func_1584546507000_75972\"},\"key\":\"1584546507000_75972\",\"model\":\"text_1584546507000_75972\",\"rules\":[]}],\"config\":{\"labelWidth\":100,\"labelPosition\":\"right\",\"size\":\"mini\"}}', '', '', 0, 0, '', 0, '这个表单只有【研发小组】权限的人可以看到', '2020-03-18 23:50:16', '', '', '2020-03-18 23:50:16', '', '', '08f41bf6-4388-4b1e-bd3e-2ff538b44b1b');
INSERT INTO `form` VALUES ('7cbac11a-0be0-43c0-88e4-defcdbfb45d6', '【研发小组】请假条', 2, '', 0, '{\"list\":[{\"type\":\"text\",\"icon\":\"icon-wenzishezhi-\",\"name\":\"\",\"options\":{\"defaultValue\":\"请假条\",\"customClass\":\"\",\"remoteFunc\":\"func_1584624087000_21327\"},\"key\":\"1584624087000_21327\",\"model\":\"text_1584624087000_21327\",\"rules\":[]},{\"type\":\"input\",\"icon\":\"icon-input\",\"name\":\"姓名\",\"options\":{\"width\":\"100%\",\"defaultValue\":\"\",\"required\":false,\"dataType\":\"string\",\"pattern\":\"\",\"placeholder\":\"\",\"disabled\":false,\"remoteFunc\":\"func_1584624101000_92176\"},\"key\":\"1584624101000_92176\",\"model\":\"USERNAME\",\"rules\":[{\"type\":\"string\",\"message\":\"input_1584624101000_92176格式不正确\"}]},{\"type\":\"number\",\"icon\":\"icon-number\",\"name\":\"天数\",\"options\":{\"width\":\"\",\"required\":false,\"defaultValue\":0,\"min\":0,\"max\":0,\"step\":1,\"disabled\":false,\"controlsPosition\":\"\",\"remoteFunc\":\"func_1584624116000_77758\"},\"key\":\"1584624116000_77758\",\"model\":\"DAYS\",\"rules\":[]},{\"type\":\"textarea\",\"icon\":\"icon-diy-com-textarea\",\"name\":\"原因\",\"options\":{\"width\":\"100%\",\"defaultValue\":\"\",\"required\":false,\"disabled\":false,\"pattern\":\"\",\"placeholder\":\"\",\"remoteFunc\":\"func_1584624132000_39209\"},\"key\":\"1584624132000_39209\",\"model\":\"REASON\",\"rules\":[]}],\"config\":{\"labelWidth\":100,\"labelPosition\":\"right\",\"size\":\"small\"}}', '', '', 0, 0, '', 0, '只有【研发小组】的用户可以看到这个表单', '2020-03-19 21:22:31', '', '', '2020-03-19 21:22:31', '', '', '08f41bf6-4388-4b1e-bd3e-2ff538b44b1b');
INSERT INTO `form` VALUES ('8faff4e5-b729-44d2-ac26-e899a228f63d', '系统内置的表单【开发者开发表单】', 1, 'FrmLeaveReq', 0, '', '', '', 0, 0, '', 0, '企业版内置的复杂请假条表单', '2019-07-29 01:03:36', '', '', '2020-02-07 12:57:26', '', '', NULL);
INSERT INTO `form` VALUES ('bc1721ef-502f-451e-bdb8-da157a8c33b6', '【最新】可拖拽的加班表单', 2, '', 0, '{\"list\":[{\"type\":\"date\",\"icon\":\"icon-date\",\"name\":\"加班日期\",\"options\":{\"defaultValue\":\"\",\"readonly\":false,\"disabled\":false,\"editable\":true,\"clearable\":true,\"placeholder\":\"\",\"startPlaceholder\":\"\",\"endPlaceholder\":\"\",\"type\":\"date\",\"format\":\"yyyy-MM-dd\",\"timestamp\":false,\"required\":true,\"width\":\"\",\"remoteFunc\":\"func_1580965333000_9667\"},\"key\":\"1580965333000_9667\",\"model\":\"WorkDate\",\"rules\":[{\"required\":true,\"message\":\"WorkDate必须填写\"}]},{\"type\":\"input\",\"icon\":\"icon-input\",\"name\":\"加班时长\",\"options\":{\"width\":\"100%\",\"defaultValue\":\"8\",\"required\":false,\"dataType\":\"string\",\"pattern\":\"\",\"placeholder\":\"8\",\"disabled\":false,\"remoteFunc\":\"func_1580965287000_51162\"},\"key\":\"1580965287000_51162\",\"model\":\"Time\",\"rules\":[{\"type\":\"string\",\"message\":\"Time格式不正确\"}]},{\"type\":\"textarea\",\"icon\":\"icon-diy-com-textarea\",\"name\":\"加班事由\",\"options\":{\"width\":\"100%\",\"defaultValue\":\"\",\"required\":false,\"disabled\":false,\"pattern\":\"\",\"placeholder\":\"\",\"remoteFunc\":\"func_1580965401000_81103\"},\"key\":\"1580965401000_81103\",\"model\":\"Reason\",\"rules\":[]}],\"config\":{\"labelWidth\":100,\"labelPosition\":\"right\",\"size\":\"small\"}}', '', '', 0, 0, '', 0, '拖动加班申请表单', '2020-02-06 13:04:02', '', '', '2020-02-08 13:24:57', '', '', NULL);
INSERT INTO `form` VALUES ('ef89f96a-af33-407c-b02e-897faf46ecf0', '请假条表单【动态表单】', 0, '', 0, '[{\"type\":\"text\",\"name\":\"REASON\",\"title\":\"REASON\",\"value\":\"身体原因\",\"leipiplugins\":\"text\",\"orghide\":\"0\",\"orgalign\":\"left\",\"orgwidth\":\"150\",\"orgtype\":\"text\",\"style\":\"text-align: left; width: 150px;\",\"content\":\"<input name=\\\"leipiNewField\\\" type=\\\"text\\\" title=\\\"REASON\\\" value=\\\"身体原因\\\" leipiplugins=\\\"text\\\" orghide=\\\"0\\\" orgalign=\\\"left\\\" orgwidth=\\\"150\\\" orgtype=\\\"text\\\" style=\\\"text-align: left; width: 150px;\\\"/>\"},{\"leipiplugins\":\"select\",\"name\":\"DAYS\",\"title\":\"DAYS\",\"size\":\"1\",\"orgwidth\":\"150\",\"style\":\"width: 150px;\",\"value\":\"1,3,5,10\",\"selected\":\"selected\",\"content\":\"<span leipiplugins=\\\"select\\\"><select name=\\\"leipiNewField\\\" title=\\\"DAYS\\\" leipiplugins=\\\"select\\\" size=\\\"1\\\" orgwidth=\\\"150\\\" style=\\\"width: 150px;\\\"><option value=\\\"1\\\" selected=\\\"selected\\\">1</option><option value=\\\"3\\\">3</option><option value=\\\"5\\\">5</option><option value=\\\"10\\\">10</option></select>&nbsp;&nbsp;</span>\"},{\"type\":\"text\",\"name\":\"CUSTOME_NAME\",\"title\":\"CUSTOME_NAME\",\"value\":\"玉宝\",\"leipiplugins\":\"text\",\"orghide\":\"0\",\"orgalign\":\"left\",\"orgwidth\":\"150\",\"orgtype\":\"text\",\"style\":\"text-align: left; width: 150px;\",\"content\":\"<input name=\\\"leipiNewField\\\" type=\\\"text\\\" title=\\\"CUSTOME_NAME\\\" value=\\\"玉宝\\\" leipiplugins=\\\"text\\\" orghide=\\\"0\\\" orgalign=\\\"left\\\" orgwidth=\\\"150\\\" orgtype=\\\"text\\\" style=\\\"text-align: left; width: 150px;\\\"/>\"}]', '<p style=\"text-align: center;\"><span style=\"font-size: 36px;\">请假条</span></p><p><span style=\"font-size: 36px;\"><br/></span></p><p style=\"text-align: center;\">因{REASON}，本人想请假{DAYS}天，望领导批准！</p><p><br/></p><p style=\"text-align: center;\">&nbsp; &nbsp; &nbsp; &nbsp; &nbsp; &nbsp; &nbsp; &nbsp; &nbsp; &nbsp; &nbsp; &nbsp; &nbsp; &nbsp; &nbsp; &nbsp; &nbsp; &nbsp; &nbsp; &nbsp; &nbsp; &nbsp; &nbsp; &nbsp; &nbsp; &nbsp; &nbsp; &nbsp; &nbsp;谢谢！</p><p><br/></p><p style=\"text-align: right;\">&nbsp; &nbsp; &nbsp; &nbsp; &nbsp; &nbsp; 申请人：{CUSTOME_NAME}</p>', '<p style=\"text-align: center;\"><span style=\"font-size: 36px;\">请假条</span></p><p><span style=\"font-size: 36px;\"><br/></span></p><p style=\"text-align: center;\">因<input name=\"leipiNewField\" type=\"text\" title=\"REASON\" value=\"身体原因\" leipiplugins=\"text\" orghide=\"0\" orgalign=\"left\" orgwidth=\"150\" orgtype=\"text\" style=\"text-align: left; width: 150px;\"/>，本人想请假{|-<span leipiplugins=\"select\"><select name=\"leipiNewField\" title=\"DAYS\" leipiplugins=\"select\" size=\"1\" orgwidth=\"150\" style=\"width: 150px;\"><option value=\"1\" selected=\"selected\">1</option><option value=\"3\">3</option><option value=\"5\">5</option><option value=\"10\">10</option></select>&nbsp;&nbsp;</span>-|}天，望领导批准！</p><p><br/></p><p style=\"text-align: center;\">&nbsp; &nbsp; &nbsp; &nbsp; &nbsp; &nbsp; &nbsp; &nbsp; &nbsp; &nbsp; &nbsp; &nbsp; &nbsp; &nbsp; &nbsp; &nbsp; &nbsp; &nbsp; &nbsp; &nbsp; &nbsp; &nbsp; &nbsp; &nbsp; &nbsp; &nbsp; &nbsp; &nbsp; &nbsp;谢谢！</p><p><br/></p><p style=\"text-align: right;\">&nbsp; &nbsp; &nbsp; &nbsp; &nbsp; &nbsp; 申请人：<input name=\"leipiNewField\" type=\"text\" title=\"CUSTOME_NAME\" value=\"玉宝\" leipiplugins=\"text\" orghide=\"0\" orgalign=\"left\" orgwidth=\"150\" orgtype=\"text\" style=\"text-align: left; width: 150px;\"/></p>', 0, 0, '', 0, '带有选择框文本框的请假条', '2019-07-29 01:07:03', '', '', '2020-02-07 12:56:35', '', '', NULL);

-- ----------------------------
-- Table structure for frmleavereq
-- ----------------------------
DROP TABLE IF EXISTS `frmleavereq`;
CREATE TABLE `frmleavereq`  (
  `Id` varchar(50) CHARACTER SET utf8 COLLATE utf8_general_ci NOT NULL COMMENT 'ID',
  `UserName` varchar(10) CHARACTER SET utf8 COLLATE utf8_general_ci NOT NULL COMMENT '请假人姓名',
  `RequestType` varchar(20) CHARACTER SET utf8 COLLATE utf8_general_ci NOT NULL COMMENT '请假分类，病假，事假，公休等',
  `StartDate` date NOT NULL COMMENT '开始日期',
  `StartTime` datetime(0) NULL DEFAULT NULL COMMENT '开始时间',
  `EndDate` date NOT NULL COMMENT '结束日期',
  `EndTime` datetime(0) NULL DEFAULT NULL COMMENT '结束时间',
  `RequestComment` text CHARACTER SET utf8 COLLATE utf8_general_ci NULL COMMENT '请假说明',
  `Attachment` text CHARACTER SET utf8 COLLATE utf8_general_ci NULL COMMENT '附件，用于提交病假证据等',
  `CreateDate` datetime(0) NOT NULL COMMENT '创建时间',
  `CreateUserId` varchar(50) CHARACTER SET utf8 COLLATE utf8_general_ci NULL DEFAULT NULL COMMENT '创建用户主键',
  `CreateUserName` varchar(50) CHARACTER SET utf8 COLLATE utf8_general_ci NULL DEFAULT NULL COMMENT '创建用户',
  `FlowInstanceId` varchar(50) CHARACTER SET utf8 COLLATE utf8_general_ci NULL DEFAULT NULL COMMENT '所属流程ID',
  PRIMARY KEY (`Id`) USING BTREE
) ENGINE = InnoDB CHARACTER SET = utf8 COLLATE = utf8_general_ci COMMENT = '模拟一个自定页面的表单，该数据会关联到流程实例FrmData，可用于复杂页面的设计及后期的数据分析' ROW_FORMAT = Compact;

-- ----------------------------
-- Records of frmleavereq
-- ----------------------------
INSERT INTO `frmleavereq` VALUES ('06307008-1dd9-48ad-a516-bcf4714cc9a7', '1', '病假', '2019-10-07', '2019-10-29 09:26:52', '2019-10-27', '2019-10-29 09:26:54', '111', '', '2019-10-29 17:27:06', '', '', 'd4f8d2b9-6374-4c10-8d3c-1ca540bc309b');
INSERT INTO `frmleavereq` VALUES ('3adb2f0f-b1bb-4848-b68a-d29c7351c1a2', '李玉宝', '事假', '2020-02-16', '2020-02-17 13:36:05', '2020-02-18', '2020-02-17 13:36:09', '这个是很复杂的了，必须开发人员开发一个', '', '2020-02-17 21:36:36', '', '', '212e4f0f-9d6f-4688-a3d3-157605652abd');
INSERT INTO `frmleavereq` VALUES ('59b5b72f-b8fb-44d4-bb24-319d02b2ab80', '李玉宝', '事假', '2019-07-08', '2019-07-28 17:23:14', '2019-07-24', '2019-07-28 17:23:18', '太累了，就是想休息一下', '', '2019-07-29 01:23:58', '', '', '0ae5abe6-f571-4e08-b264-667dc27c5025');
INSERT INTO `frmleavereq` VALUES ('7f4d5812-f706-495a-88ee-a0eea935b792', '李玉宝', '事假', '2020-02-12', '2020-02-08 16:08:35', '2020-02-20', '2020-02-08 16:08:39', '病毒太可怕了', '', '2020-02-09 00:08:52', '', '', 'ace08364-fa64-4498-90f4-c436d56f058c');

-- ----------------------------
-- Table structure for module
-- ----------------------------
DROP TABLE IF EXISTS `module`;
CREATE TABLE `module`  (
  `Id` varchar(50) CHARACTER SET utf8 COLLATE utf8_general_ci NOT NULL COMMENT '功能模块流水号',
  `CascadeId` varchar(255) CHARACTER SET utf8 COLLATE utf8_general_ci NOT NULL COMMENT '节点语义ID',
  `Name` varchar(255) CHARACTER SET utf8 COLLATE utf8_general_ci NOT NULL COMMENT '功能模块名称',
  `Url` varchar(255) CHARACTER SET utf8 COLLATE utf8_general_ci NOT NULL COMMENT '主页面URL',
  `HotKey` varchar(255) CHARACTER SET utf8 COLLATE utf8_general_ci NOT NULL COMMENT '热键',
  `IsLeaf` tinyint(4) NOT NULL COMMENT '是否叶子节点',
  `IsAutoExpand` tinyint(4) NOT NULL COMMENT '是否自动展开',
  `IconName` varchar(255) CHARACTER SET utf8 COLLATE utf8_general_ci NOT NULL COMMENT '节点图标文件名称',
  `Status` int(11) NOT NULL COMMENT '当前状态',
  `ParentName` varchar(255) CHARACTER SET utf8 COLLATE utf8_general_ci NOT NULL COMMENT '父节点名称',
  `Vector` varchar(255) CHARACTER SET utf8 COLLATE utf8_general_ci NOT NULL COMMENT '矢量图标',
  `SortNo` int(11) NOT NULL COMMENT '排序号',
  `ParentId` varchar(50) CHARACTER SET utf8 COLLATE utf8_general_ci NULL DEFAULT NULL COMMENT '父节点流水号',
  `Code` varchar(50) CHARACTER SET utf8 COLLATE utf8_general_ci NULL DEFAULT NULL,
  `IsSys` tinyint(4) NOT NULL COMMENT '是否为系统模块',
  PRIMARY KEY (`Id`) USING BTREE
) ENGINE = InnoDB CHARACTER SET = utf8 COLLATE = utf8_general_ci COMMENT = '功能模块表' ROW_FORMAT = Compact;

-- ----------------------------
-- Records of module
-- ----------------------------
INSERT INTO `module` VALUES ('0031262c-689c-4b96-bae2-2c9d67076ade', '.0.1.20.', '流程设计', '/flowSchemes/index', '', 0, 0, 'liuchengsheji', 0, '基础配置', '', 6, '7580672f-a390-4bb6-982d-9a4570cb5199', 'FlowScheme', 1);
INSERT INTO `module` VALUES ('069475e3-c997-487a-9f29-e6a864c5c1d4', '.0.2.', '流程中心', '/', '', 0, 0, 'liuchengsheji', 0, '根节点', '', 3, NULL, NULL, 1);
INSERT INTO `module` VALUES ('15a3a401-e8eb-4d8b-9035-ecd5f53ed0c9', '.0.4.', '仓储中心', '/', '', 0, 0, 'cangchuzhongxin-', 0, '根节点', '', 2, NULL, '', 0);
INSERT INTO `module` VALUES ('37bb9414-19a0-4223-9056-71f8c758a930', '.0.2.8.', '已处理流程', '/flowinstances/disposed', '', 0, 0, '23yichuliliucheng', 0, '流程中心', '', 3, '069475e3-c997-487a-9f29-e6a864c5c1d4', 'FlowInstanceDisposed', 1);
INSERT INTO `module` VALUES ('45f82f8b-8675-4164-b4fe-417a428b9bfb', '.0.7.', '附件管理', '/uploadfiles/index', '', 0, 0, 'data-dictionary-type', 0, '根节点', '', 4, NULL, 'UploadFile', 1);
INSERT INTO `module` VALUES ('4abafc83-c8f5-452f-9882-e113a86e7a3e', '.0.2.9.', '待处理流程', '/flowinstances/wait', '', 0, 0, 'liuchengsheji', 0, '流程中心', '', 1, '069475e3-c997-487a-9f29-e6a864c5c1d4', 'FlowInstanceWait', 1);
INSERT INTO `module` VALUES ('4e5ca0d8-3b54-467b-8cf8-7516890aafae', '.0.5.', '接口文档', 'http://119.84.146.233:52789/swagger/index.html', '', 0, 0, 'liuchengsheji', 0, '根节点', '', 1, NULL, 'swagger', 1);
INSERT INTO `module` VALUES ('4e5ca0dd-3b54-467b-8cf8-7516890aafae', '.0.6.', '代码生成', '/buildertables/index', '', 0, 0, '23yichuliliucheng', 0, '根节点', '', 1, NULL, 'BuilderTable', 0);
INSERT INTO `module` VALUES ('6a9e1346-0c01-44d2-8eb1-f929fdab542a', '.0.1.21.', '部门管理', '/OrgManager/Index', '', 0, 0, 'bumenguanli', 0, '基础配置', '', 4, '7580672f-a390-4bb6-982d-9a4570cb5199', 'Org', 1);
INSERT INTO `module` VALUES ('7580672f-a390-4bb6-982d-9a4570cb5199', '.0.1.', '基础配置', ' /', '', 0, 0, 'jichupeizhi', 0, '根节点', '', 1, NULL, NULL, 1);
INSERT INTO `module` VALUES ('7bc7e527-478d-49fd-868d-5f31951586f5', '.0.3.3.', '系统日志', '/SysLogs/Index', '', 0, 0, 'xiaoxipingtai-xiaoxirizhi', 0, '消息日志', '', 1, 'b19bce90-5508-43b6-93ed-cd9ff9e356a9', 'SysLog', 1);
INSERT INTO `module` VALUES ('7bc7e527-478d-49fd-868d-5f31951586f6', '.0.3.4.', '我的消息', '/SysMessages/Index', '', 0, 0, 'xiaoxi', 0, '消息日志', '', 2, 'b19bce90-5508-43b6-93ed-cd9ff9e356a9', 'SysMessage', 1);
INSERT INTO `module` VALUES ('907a24c6-3c95-4073-8f90-ea7ec42c63f7', '.0.1.22.', '定时任务', '/OpenJobs/Index', '', 0, 0, 'dingshirenwu', 0, '基础配置', '', 2, '7580672f-a390-4bb6-982d-9a4570cb5199', 'OpenJob', 1);
INSERT INTO `module` VALUES ('92b00259-2d15-43e7-9321-adffb29e8bf2', '.0.1.23.', '表单设计', '/forms/index', '', 0, 0, 'biaodansheji-xuanxiangqia', 0, '基础配置', '', 5, '7580672f-a390-4bb6-982d-9a4570cb5199', 'Form', 1);
INSERT INTO `module` VALUES ('9486ff22-b696-4d7f-8093-8a3e53c45453', '.0.2.10.', '我的流程', '/flowInstances/Index', '', 0, 0, 'jiaoseguanli', 0, '流程中心', '', 2, '069475e3-c997-487a-9f29-e6a864c5c1d4', 'FlowInstance', 1);
INSERT INTO `module` VALUES ('98a949e8-8704-40a7-b9a1-c0e8801e4057', '.0.4.1.', '入库订单', '/wmsinboundordertbls/index', '', 0, 0, 'cangchuzhongxin-', 0, '仓储中心', '', 1, '15a3a401-e8eb-4d8b-9035-ecd5f53ed0c9', 'WmsInboundOrderTbl', 0);
INSERT INTO `module` VALUES ('9a87c0fa-9172-42a1-9505-7492433dcb8e', '.0.1.24.', '数据权限', '/dataprivilegerules/index', '', 0, 0, 'shujuquanxian', 0, '基础配置', '', 1, '7580672f-a390-4bb6-982d-9a4570cb5199', 'DataPrivilegeRule', 0);
INSERT INTO `module` VALUES ('a94d5648-c2a9-405e-ba6f-f1602ec9b807', '.0.1.25.', '字典分类', '/Categories/Index', '', 0, 0, 'data-dictionary-type', 0, '基础配置', '', 7, '7580672f-a390-4bb6-982d-9a4570cb5199', 'Category', 0);
INSERT INTO `module` VALUES ('b19bce90-5508-43b6-93ed-cd9ff9e356a9', '.0.3.', '消息日志', ' /', '', 0, 0, 'chaxun1', 0, '根节点', '', 5, NULL, NULL, 1);
INSERT INTO `module` VALUES ('bc80478d-0547-4437-9cff-be4b40144bdf', '.0.1.26.', '模块管理', '/ModuleManager/Index', '', 0, 0, 'liuchengzhongxin', 0, '基础配置', '', 1, '7580672f-a390-4bb6-982d-9a4570cb5199', 'Module', 1);
INSERT INTO `module` VALUES ('bedb41a2-f310-4775-af99-01be08adda93', '.0.1.27.', '角色管理', '/RoleManager/Index', '', 0, 0, 'bumenguanli', 0, '基础配置', '', 2, '7580672f-a390-4bb6-982d-9a4570cb5199', 'Role', 1);
INSERT INTO `module` VALUES ('e8dc5db6-4fc4-4795-a1cc-681cbcceec91', '.0.1.28.', '资源管理', '/Resources/Index', '', 0, 0, 'ziyuanguanli', 0, '基础配置', '', 8, '7580672f-a390-4bb6-982d-9a4570cb5199', 'Resource', 0);
INSERT INTO `module` VALUES ('ef386d5d-cd58-43c0-a4ab-80afd0dbcd6c', '.0.1.29.', '用户管理', '/UserManager/Index', '', 0, 0, 'yonghuguanli', 0, '基础配置', '', 3, '7580672f-a390-4bb6-982d-9a4570cb5199', 'User', 1);

-- ----------------------------
-- Table structure for moduleelement
-- ----------------------------
DROP TABLE IF EXISTS `moduleelement`;
CREATE TABLE `moduleelement`  (
  `Id` varchar(50) CHARACTER SET utf8 COLLATE utf8_general_ci NOT NULL COMMENT '流水号',
  `DomId` varchar(255) CHARACTER SET utf8 COLLATE utf8_general_ci NOT NULL COMMENT 'DOM ID',
  `Name` varchar(255) CHARACTER SET utf8 COLLATE utf8_general_ci NOT NULL COMMENT '名称',
  `Attr` text CHARACTER SET utf8 COLLATE utf8_general_ci NOT NULL COMMENT '元素附加属性',
  `Script` text CHARACTER SET utf8 COLLATE utf8_general_ci NOT NULL COMMENT '元素调用脚本',
  `Icon` varchar(255) CHARACTER SET utf8 COLLATE utf8_general_ci NOT NULL COMMENT '元素图标',
  `Class` varchar(255) CHARACTER SET utf8 COLLATE utf8_general_ci NOT NULL COMMENT '元素样式',
  `Remark` varchar(200) CHARACTER SET utf8 COLLATE utf8_general_ci NOT NULL COMMENT '备注',
  `Sort` int(11) NOT NULL COMMENT '排序字段',
  `ModuleId` varchar(50) CHARACTER SET utf8 COLLATE utf8_general_ci NOT NULL COMMENT '功能模块Id',
  `TypeName` varchar(20) CHARACTER SET utf8 COLLATE utf8_general_ci NULL DEFAULT NULL COMMENT '分类名称',
  `TypeId` varchar(50) CHARACTER SET utf8 COLLATE utf8_general_ci NULL DEFAULT NULL COMMENT '分类ID',
  PRIMARY KEY (`Id`) USING BTREE
) ENGINE = InnoDB CHARACTER SET = utf8 COLLATE = utf8_general_ci COMMENT = '模块元素表(需要权限控制的按钮)' ROW_FORMAT = Compact;

-- ----------------------------
-- Records of moduleelement
-- ----------------------------
INSERT INTO `moduleelement` VALUES ('054e9699-7828-4b8b-a28b-d7ae45ed3306', 'btnEdit', '编辑', '', '', 'bianji-copy', 'primary', '', 2, '98a949e8-8704-40a7-b9a1-c0e8801e4057', '', '');
INSERT INTO `moduleelement` VALUES ('06fe4738-b4f4-4ecf-b9da-07dd3bb26cb3', 'btnDel', '撤销订单', '', '', 'shanchu', 'danger', '', 3, '98a949e8-8704-40a7-b9a1-c0e8801e4057', '', '');
INSERT INTO `moduleelement` VALUES ('0d25438e-1436-48e0-aedf-0f1690693281', 'btnRoleAccessUser', '添加角色用户', '', 'assignRoleUser(this)', 'yonghuguanli', 'warning', '添加角色用户', 4, 'bedb41a2-f310-4775-af99-01be08adda93', NULL, NULL);
INSERT INTO `moduleelement` VALUES ('0d25438e-1436-48e0-aedf-0f1690693282', 'btnAccessModule', '为角色分配模块', '', 'assignRoleModule(this)', 'xiaoxipingtai-xiaoxirizhi', 'warning', '为角色分配模块', 4, 'bedb41a2-f310-4775-af99-01be08adda93', NULL, NULL);
INSERT INTO `moduleelement` VALUES ('13617796-049c-4ae4-a62b-1ca84002b273', 'btnDelCategory', '删除分类', '', '', 'shanchu', 'danger', '', 0, 'a94d5648-c2a9-405e-ba6f-f1602ec9b807', '', '');
INSERT INTO `moduleelement` VALUES ('15a4f88c-4fae-4cab-ba2f-0cbd2cca8736', 'btnAssignReource', '为角色分配资源', '', 'openRoleReourceAccess(this)', 'module', 'warning', '为角色分配资源', 3, 'bedb41a2-f310-4775-af99-01be08adda93', NULL, NULL);
INSERT INTO `moduleelement` VALUES ('17ae4fd4-ab4e-439e-ba1d-2a53b46d112b', 'btnDel', '删除', '', 'del()', 'shanchu', 'danger', '', 2, '0031262c-689c-4b96-bae2-2c9d67076ade', NULL, NULL);
INSERT INTO `moduleelement` VALUES ('18cc3217-28a6-49b2-9a20-080230065984', 'btnEdit', '编辑', '', 'edit()', 'bianji-copy', 'primary', '', 1, '0031262c-689c-4b96-bae2-2c9d67076ade', NULL, NULL);
INSERT INTO `moduleelement` VALUES ('1a473afd-cbd4-41e9-9471-81f9435aaabe', 'btnEdit', '编辑', ' ', 'edit()', 'bianji-copy', 'primary', '编辑分类', 2, 'a94d5648-c2a9-405e-ba6f-f1602ec9b807', NULL, NULL);
INSERT INTO `moduleelement` VALUES ('1c870438-4260-43a5-8996-a6e1dc8bbf6a', 'btnAdd', '添加', '', 'add()', 'xinzeng', 'success', '添加部门', 0, '6a9e1346-0c01-44d2-8eb1-f929fdab542a', NULL, NULL);
INSERT INTO `moduleelement` VALUES ('1c870438-4260-43a5-8996-a6e1dc8bbf6b', 'btnAssignOrgUser', '分配用户', '', 'assignOrgUser(this)', 'yonghuguanli', 'warning', '分配用户', 0, '6a9e1346-0c01-44d2-8eb1-f929fdab542a', NULL, NULL);
INSERT INTO `moduleelement` VALUES ('1c9acc3e-a40d-4d07-b495-6e60eb9b71b9', 'btnEdit', '编辑', '', 'edit()', 'bianji-copy', 'primary', '编辑角色', 1, 'bedb41a2-f310-4775-af99-01be08adda93', NULL, NULL);
INSERT INTO `moduleelement` VALUES ('2d595a2a-5de5-479e-a331-b53c799a6b10', 'btnAdd', '添加', '', 'add()', 'xinzeng', 'success', '添加分类', 1, 'a94d5648-c2a9-405e-ba6f-f1602ec9b807', NULL, NULL);
INSERT INTO `moduleelement` VALUES ('2d595a2a-5de5-479e-a331-b53c799a6b11', 'btnAdd', '添加', '', 'add()', 'xinzeng', 'success', '添加定时任务', 1, '907a24c6-3c95-4073-8f90-ea7ec42c63f7', NULL, NULL);
INSERT INTO `moduleelement` VALUES ('2feefce1-e3d8-42ac-b811-2352679628da', 'btnDel', '删除', '', 'del()', 'shanchu', 'danger', '刪除用戶', 2, 'ef386d5d-cd58-43c0-a4ab-80afd0dbcd6c', NULL, NULL);
INSERT INTO `moduleelement` VALUES ('2feefce1-e3d8-42ac-b811-2352679628dd', 'btnDel', '删除', '', 'del()', 'shanchu', 'danger', '刪除定时任务', 3, '907a24c6-3c95-4073-8f90-ea7ec42c63f7', NULL, NULL);
INSERT INTO `moduleelement` VALUES ('34730f5a-d307-457b-9041-5f7de30abfa9', 'btnEdit', '编辑', '', 'edit()', 'bianji-copy', 'primary', '编辑用户', 1, 'ef386d5d-cd58-43c0-a4ab-80afd0dbcd6c', NULL, NULL);
INSERT INTO `moduleelement` VALUES ('34730f5a-d307-457b-9041-5f7de30abfaa', 'btnEdit', '编辑', '', 'edit()', 'bianji-copy', 'primary', '编辑定时任务', 2, '907a24c6-3c95-4073-8f90-ea7ec42c63f7', NULL, NULL);
INSERT INTO `moduleelement` VALUES ('362d1eda-c85e-4b14-a80a-b923291e08de', 'btnAdd', '添加', '', 'add()', 'xinzeng', 'success', '添加', 0, 'f0f06b8f-0a86-487c-8b0e-0a12573ccd46', NULL, NULL);
INSERT INTO `moduleelement` VALUES ('38109ca0-32ec-44bd-a243-017e591b532b', 'btnEditStock', '编辑', ' ', 'edit()', 'bianji-copy', 'primary', '编辑进出库', 0, '89c3bfbe-246f-4112-8eb1-b6789da54202', NULL, NULL);
INSERT INTO `moduleelement` VALUES ('3dc0ec4d-bf82-4bae-9ec0-1d6c2403fb99', 'btnAdd', '添加', '', 'add()', 'xinzeng', 'success', '', 1, '4e5ca0dd-3b54-467b-8cf8-7516890aafae', NULL, NULL);
INSERT INTO `moduleelement` VALUES ('3dc0ec4d-bf86-4bae-9ec0-1d6c2403fb99', 'btnAdd', '添加', '', 'add()', 'xinzeng', 'success', '', 1, '92b00259-2d15-43e7-9321-adffb29e8bf2', NULL, NULL);
INSERT INTO `moduleelement` VALUES ('44075557-496e-4dde-bb75-7b69f51ab4fe', 'btnEdit', '编辑', '', 'edit()', 'bianji-copy', 'primary', '编辑模块', 2, 'bc80478d-0547-4437-9cff-be4b40144bdf', NULL, NULL);
INSERT INTO `moduleelement` VALUES ('4bfa8ea0-6b0d-426f-8687-b654575ca780', 'btnEdit', '编辑', '', 'edit()', 'bianji-copy', 'primary', '编辑资源', 2, 'e8dc5db6-4fc4-4795-a1cc-681cbcceec91', NULL, NULL);
INSERT INTO `moduleelement` VALUES ('4f2737db-632d-4946-8a71-b08b9885f151', 'btnEdit', '编辑', '', 'edit()', 'bianji-copy', 'primary', '', 2, '4e5ca0dd-3b54-467b-8cf8-7516890aafae', NULL, NULL);
INSERT INTO `moduleelement` VALUES ('4f2737db-633f-4946-8a71-b08b9885f151', 'btnEdit', '编辑', '', 'edit()', 'bianji-copy', 'primary', '', 2, '92b00259-2d15-43e7-9321-adffb29e8bf2', NULL, NULL);
INSERT INTO `moduleelement` VALUES ('4fba8ea0-6b0d-426f-8687-b654575ca780', 'btnExport', '导出', '', 'export()', 'bianji-copy', 'info', '导出资源', 10, 'e8dc5db6-4fc4-4795-a1cc-681cbcceec91', NULL, NULL);
INSERT INTO `moduleelement` VALUES ('4fba8ea0-7c5c-426f-8687-b654575ca780', 'btnExport', '导出', '', 'export()', 'bianji-copy', 'info', '导出订单', 10, '98a949e8-8704-40a7-b9a1-c0e8801e4057', NULL, NULL);
INSERT INTO `moduleelement` VALUES ('50c9df24-b233-42cb-9a0d-4ce158c75f86', 'btnAdd', '添加', '', 'add()', 'xinzeng', 'success', '添加用戶', 0, 'ef386d5d-cd58-43c0-a4ab-80afd0dbcd6c', NULL, NULL);
INSERT INTO `moduleelement` VALUES ('584c7a3b-d28a-47b4-8648-7797d05d83d1', 'btnDel', '删除', '', 'del()', 'shanchu', 'danger', '', 3, '9486ff22-b696-4d7f-8093-8a3e53c45453', NULL, NULL);
INSERT INTO `moduleelement` VALUES ('5ed1681c-13d2-4c87-8675-a8d95c0b40ae', 'btnAddMenu', '添加菜单', '', 'assignButton()', 'xinzeng', 'success', '为模块分配按钮', 4, 'bc80478d-0547-4437-9cff-be4b40144bdf', NULL, NULL);
INSERT INTO `moduleelement` VALUES ('5ed1681c-13d2-4c87-8676-a8d95c0b40ae', 'btnEditMenu', '编辑菜单', '', '', 'bianji-copy', 'primary', '编辑菜单', 5, 'bc80478d-0547-4437-9cff-be4b40144bdf', NULL, NULL);
INSERT INTO `moduleelement` VALUES ('5ed1681c-13d2-4c87-8677-a8d95c0b40ae', 'btnDelMenu', '删除菜单', '', '', 'shanchu', 'danger', '', 6, 'bc80478d-0547-4437-9cff-be4b40144bdf', '', '');
INSERT INTO `moduleelement` VALUES ('645b40ac-4223-44a7-aab4-66eb56cf9864', 'btnAdd', '添加', '', 'add()', 'xinzeng', 'success', '添加角色', 0, 'bedb41a2-f310-4775-af99-01be08adda93', NULL, NULL);
INSERT INTO `moduleelement` VALUES ('68484265-7802-4f06-b024-33e8b2f2edcf', 'btnAdd', '新的申请', '', 'add()', 'xinzeng', 'success', '申请物品', 0, '9486ff22-b696-4d7f-8093-8a3e53c45453', NULL, NULL);
INSERT INTO `moduleelement` VALUES ('68fc793f-069f-43e1-a012-42ac2d7c585c', 'btnDel', '删除', '', 'del()', 'shanchu', 'danger', '删除角色', 2, 'bedb41a2-f310-4775-af99-01be08adda93', NULL, NULL);
INSERT INTO `moduleelement` VALUES ('6c814946-db5c-48bd-84dd-b1c38196ad74', 'btnAdd', '添加模版', '', 'add()', 'xinzeng', 'success', '', 0, '0031262c-689c-4b96-bae2-2c9d67076ade', NULL, NULL);
INSERT INTO `moduleelement` VALUES ('6db928fe-93df-460f-9472-8bb0b6cae52c', 'btnAdd', '添加', '', 'add()', 'xinzeng', 'success', '添加进出库', 0, '89c3bfbe-246f-4112-8eb1-b6789da54202', NULL, NULL);
INSERT INTO `moduleelement` VALUES ('79dcd3eb-3aaf-4e08-83c9-713d8ff446fe', 'btnVerification', '处理', '', 'verificationForm()', 'chaxun1', 'warning', '', 1, '4abafc83-c8f5-452f-9882-e113a86e7a3e', NULL, NULL);
INSERT INTO `moduleelement` VALUES ('7b2b1ffb-398b-4f7b-83da-8f484e1bcea0', 'btnDel', '删除', '', 'del()', 'shanchu', 'danger', '删除部门', 2, '6a9e1346-0c01-44d2-8eb1-f929fdab542a', NULL, NULL);
INSERT INTO `moduleelement` VALUES ('7f071c63-1620-4486-9264-5806b2e63218', 'btnAccessRole', '为用户分配角色', '', 'openUserRoleAccess(this)', 'yonghuguanli', 'warning', '为用户分配角色', 5, 'ef386d5d-cd58-43c0-a4ab-80afd0dbcd6c', NULL, NULL);
INSERT INTO `moduleelement` VALUES ('816b12b3-e916-446d-a2fa-329cfd13c831', 'btnDetail', '进度详情', '', '', 'chaxun1', 'info', '', 4, '9486ff22-b696-4d7f-8093-8a3e53c45453', NULL, NULL);
INSERT INTO `moduleelement` VALUES ('81ce1abe-209d-4e4c-a8d2-efbc6a3b45ba', 'btnAdd', '添加', '', '', 'xinzeng', 'success', '', 1, '9a87c0fa-9172-42a1-9505-7492433dcb8e', '', '');
INSERT INTO `moduleelement` VALUES ('826b12b3-e916-446d-a2fa-329cfd13c831', 'btnDetail', '进度详情', '', '', 'chaxun1', 'info', '', 2, '4abafc83-c8f5-452f-9882-e113a86e7a3e', NULL, NULL);
INSERT INTO `moduleelement` VALUES ('84694ea5-d6e1-4a65-8a59-7b5b779688d4', 'btnAdd', '添加', '', 'add()', 'xinzeng', 'success', '添加模块', 1, 'bc80478d-0547-4437-9cff-be4b40144bdf', NULL, NULL);
INSERT INTO `moduleelement` VALUES ('84e38920-f6e5-499c-bf52-a3c6f8499ff7', 'btnDel', '删除', ' ', 'del()', 'shanchu', 'danger', '删除分类', 3, 'a94d5648-c2a9-405e-ba6f-f1602ec9b807', NULL, NULL);
INSERT INTO `moduleelement` VALUES ('8966b04f-2326-4046-8b03-0c64f9f833dd', 'btnDel', '删除', '', 'del()', 'shanchu', 'danger', '', 3, '4e5ca0dd-3b54-467b-8cf8-7516890aafae', NULL, NULL);
INSERT INTO `moduleelement` VALUES ('8966b04f-8e26-4046-8b03-0c64f9f833dd', 'btnDel', '删除', '', 'del()', 'shanchu', 'danger', '', 3, '92b00259-2d15-43e7-9321-adffb29e8bf2', NULL, NULL);
INSERT INTO `moduleelement` VALUES ('95c2dde0-f2a7-4474-8aa7-c7eaa7c4c87f', 'btnDel', '删除', '', '', 'shanchu', 'danger', '', 1, '9a87c0fa-9172-42a1-9505-7492433dcb8e', '', '');
INSERT INTO `moduleelement` VALUES ('9c96e485-77a6-45f0-b6a7-f01dab94b0c6', 'btnCreateEntity', '生成实体', '', 'createEntity()', 'chaxun1', 'info', '生成实体', 4, '4e5ca0dd-3b54-467b-8cf8-7516890aafae', NULL, NULL);
INSERT INTO `moduleelement` VALUES ('9c96e485-84a6-45f0-b6a7-f01dab94b0c6', 'btnPreview', '预览', '', 'preview()', 'chaxun1', 'info', '', 4, '92b00259-2d15-43e7-9321-adffb29e8bf2', NULL, NULL);
INSERT INTO `moduleelement` VALUES ('9e2c6754-f258-4b14-96a0-b9d981196a65', 'btnAdd', '添加', '', 'add()', 'xinzeng', 'success', '添加资源', 0, 'e8dc5db6-4fc4-4795-a1cc-681cbcceec91', NULL, NULL);
INSERT INTO `moduleelement` VALUES ('a7eea5dc-3b10-4550-9cf3-0dba9b9fc32c', 'btnAddCategory', '添加分类', '', '', 'xinzeng', 'success', '', 0, 'a94d5648-c2a9-405e-ba6f-f1602ec9b807', '', '');
INSERT INTO `moduleelement` VALUES ('a9f51ee6-3d62-4618-8651-fd092702cb45', 'btnCreateVue', '生成VUE页面', '', '', 'zhuyeicon', 'info', '生成VUE页面', 6, '4e5ca0dd-3b54-467b-8cf8-7516890aafae', '', '');
INSERT INTO `moduleelement` VALUES ('b3e23ebc-0ff2-41b3-bff0-fd5e93f6828a', 'btnDetail', '查看详情', '', '', 'chaxun1', 'info', '', 0, '37bb9414-19a0-4223-9056-71f8c758a930', '', '');
INSERT INTO `moduleelement` VALUES ('c35d8f5b-0d38-4f31-84f9-39e476eeab08', 'btnAdd', '新订单', '', '', 'xinzeng', 'success', '', 1, '98a949e8-8704-40a7-b9a1-c0e8801e4057', '', '');
INSERT INTO `moduleelement` VALUES ('c3d7b478-21e9-4c1e-b866-a3c80be7909b', 'btnRefresh', '刷新', '', 'refresh()', 'chaxun1', 'info', '刷新分类', 0, 'a94d5648-c2a9-405e-ba6f-f1602ec9b807', NULL, NULL);
INSERT INTO `moduleelement` VALUES ('c4c1acbb-9cbf-4b1e-9cc0-ccf5ff544ec2', 'btnDel', '删除', '', 'del()', 'shanchu', 'danger', '删除进出库', 0, '89c3bfbe-246f-4112-8eb1-b6789da54202', NULL, NULL);
INSERT INTO `moduleelement` VALUES ('c7d7daf0-3669-4a22-8bed-b092617deb9c', 'btnDel', '删除', '', 'del()', 'shanchu', 'danger', '删除资源', 3, 'e8dc5db6-4fc4-4795-a1cc-681cbcceec91', NULL, NULL);
INSERT INTO `moduleelement` VALUES ('d1ba6a72-ba14-44c0-baba-46d0ad96fe8a', 'btnRefresh', '刷新', '', 'refresh()', 'chaxun1', 'info', '刷新用户', 3, 'ef386d5d-cd58-43c0-a4ab-80afd0dbcd6c', NULL, NULL);
INSERT INTO `moduleelement` VALUES ('d352c8ee-3dff-4d28-a0de-903ae68f2533', 'btnPreview', '预览', '', 'preview()', 'chaxun1', 'info', '', 3, '0031262c-689c-4b96-bae2-2c9d67076ade', NULL, NULL);
INSERT INTO `moduleelement` VALUES ('d4257fa0-01d2-4e51-ad49-68c2b2231e3a', 'btnAdd', '上传附件', '', 'add()', 'xinzeng', 'success', '新增文件管理', 1, '45f82f8b-8675-4164-b4fe-417a428b9bfb', '', '');
INSERT INTO `moduleelement` VALUES ('d7dc9298-6e33-44a5-bc17-5dfc7d39c02a', 'btnCreateBusiness', '生成业务代码', '', '', 'biaodansheji-xuanxiangqia', 'info', '生成业务代码', 5, '4e5ca0dd-3b54-467b-8cf8-7516890aafae', '', '');
INSERT INTO `moduleelement` VALUES ('daddf3b9-71b5-45ac-b85d-5a11c522f2f4', 'btnDel', '删除', ' ', 'del()', 'shanchu', 'danger', '删除模块', 3, 'bc80478d-0547-4437-9cff-be4b40144bdf', NULL, NULL);
INSERT INTO `moduleelement` VALUES ('ef42721f-d223-4a00-a1d9-80b81121f21a', 'btnEdit', '编辑', ' ', 'edit()', 'bianji-copy', 'primary', '编辑部门', 1, '6a9e1346-0c01-44d2-8eb1-f929fdab542a', NULL, NULL);
INSERT INTO `moduleelement` VALUES ('f516888d-fdce-4420-a630-d0830c1c6cbc', 'btnDel', '删除', '', 'del()', 'shanchu', 'danger', '删除文件管理', 3, '45f82f8b-8675-4164-b4fe-417a428b9bfb', '', '');
INSERT INTO `moduleelement` VALUES ('f8dde22a-2a37-47c4-8e67-70fb3af5303e', 'btnRefresh', '刷新', '', 'refresh()', 'chaxun1', 'info', '刷新部门', 3, '6a9e1346-0c01-44d2-8eb1-f929fdab542a', NULL, NULL);

-- ----------------------------
-- Table structure for openjob
-- ----------------------------
DROP TABLE IF EXISTS `openjob`;
CREATE TABLE `openjob`  (
  `Id` varchar(50) CHARACTER SET utf8 COLLATE utf8_general_ci NOT NULL COMMENT 'Id',
  `JobName` varchar(200) CHARACTER SET utf8 COLLATE utf8_general_ci NOT NULL COMMENT '任务名称',
  `RunCount` int(11) NOT NULL DEFAULT 0 COMMENT '任务执行次数',
  `ErrorCount` int(11) NOT NULL DEFAULT 0 COMMENT '异常次数',
  `NextRunTime` datetime(0) NULL DEFAULT NULL COMMENT '下次执行时间',
  `LastRunTime` datetime(0) NULL DEFAULT NULL COMMENT '最后一次执行时间',
  `LastErrorTime` datetime(0) NULL DEFAULT NULL COMMENT '最后一次失败时间',
  `JobType` int(11) NOT NULL DEFAULT 0 COMMENT '任务执行方式0：本地任务；1：外部接口任务',
  `JobCall` varchar(500) CHARACTER SET utf8 COLLATE utf8_general_ci NOT NULL COMMENT '任务地址',
  `JobCallParams` varchar(500) CHARACTER SET utf8 COLLATE utf8_general_ci NULL DEFAULT NULL COMMENT '任务参数，JSON格式',
  `Cron` varchar(50) CHARACTER SET utf8 COLLATE utf8_general_ci NOT NULL COMMENT 'CRON表达式',
  `Status` int(11) NOT NULL DEFAULT 0 COMMENT '任务运行状态（0：停止，1：正在运行，2：暂停）',
  `Remark` varchar(128) CHARACTER SET utf8 COLLATE utf8_general_ci NULL DEFAULT NULL COMMENT '备注',
  `CreateTime` datetime(0) NOT NULL DEFAULT CURRENT_TIMESTAMP(0) COMMENT '创建时间',
  `CreateUserId` varchar(50) CHARACTER SET utf8 COLLATE utf8_general_ci NOT NULL COMMENT '创建人ID',
  `CreateUserName` varchar(200) CHARACTER SET utf8 COLLATE utf8_general_ci NOT NULL COMMENT '创建人',
  `UpdateTime` datetime(0) NULL DEFAULT NULL COMMENT '最后更新时间',
  `UpdateUserId` varchar(50) CHARACTER SET utf8 COLLATE utf8_general_ci NULL DEFAULT NULL COMMENT '最后更新人ID',
  `UpdateUserName` varchar(200) CHARACTER SET utf8 COLLATE utf8_general_ci NULL DEFAULT NULL COMMENT '最后更新人',
  `OrgId` varchar(50) CHARACTER SET utf8 COLLATE utf8_general_ci NULL DEFAULT NULL COMMENT '所属部门',
  PRIMARY KEY (`Id`) USING BTREE
) ENGINE = InnoDB CHARACTER SET = utf8 COLLATE = utf8_general_ci COMMENT = '定时任务' ROW_FORMAT = Compact;

-- ----------------------------
-- Records of openjob
-- ----------------------------
INSERT INTO `openjob` VALUES ('f40fe48d-71a4-4f47-b324-6178d97abfb9', '定时日志任务', 0, 0, '2020-04-25 12:16:20', '2020-04-25 12:16:20', '2020-04-25 12:16:20', 0, 'OpenAuth.App.Jobs.SysLogJob', 'null', '0/10 * * * * ?', 0, '这是个每10秒运行一次的任务，可以在系统日志中查看运行结果', '2020-04-25 12:16:20', '00000000-0000-0000-0000-000000000000', '超级管理员', '2020-04-25 19:31:38', '00000000-0000-0000-0000-000000000000', '超级管理员', '');

-- ----------------------------
-- Table structure for org
-- ----------------------------
DROP TABLE IF EXISTS `org`;
CREATE TABLE `org`  (
  `Id` varchar(50) CHARACTER SET utf8 COLLATE utf8_general_ci NOT NULL COMMENT '流水号',
  `CascadeId` varchar(255) CHARACTER SET utf8 COLLATE utf8_general_ci NOT NULL COMMENT '节点语义ID',
  `Name` varchar(255) CHARACTER SET utf8 COLLATE utf8_general_ci NOT NULL COMMENT '组织名称',
  `HotKey` varchar(255) CHARACTER SET utf8 COLLATE utf8_general_ci NOT NULL COMMENT '热键',
  `ParentName` varchar(255) CHARACTER SET utf8 COLLATE utf8_general_ci NOT NULL COMMENT '父节点名称',
  `IsLeaf` tinyint(4) NOT NULL COMMENT '是否叶子节点',
  `IsAutoExpand` tinyint(4) NOT NULL COMMENT '是否自动展开',
  `IconName` varchar(255) CHARACTER SET utf8 COLLATE utf8_general_ci NOT NULL COMMENT '节点图标文件名称',
  `Status` int(11) NOT NULL COMMENT '当前状态',
  `BizCode` varchar(255) CHARACTER SET utf8 COLLATE utf8_general_ci NOT NULL COMMENT '业务对照码',
  `CustomCode` text CHARACTER SET utf8 COLLATE utf8_general_ci NOT NULL COMMENT '自定义扩展码',
  `CreateTime` datetime(0) NOT NULL COMMENT '创建时间',
  `CreateId` int(11) NOT NULL COMMENT '创建人ID',
  `SortNo` int(11) NOT NULL COMMENT '排序号',
  `ParentId` varchar(50) CHARACTER SET utf8 COLLATE utf8_general_ci NULL DEFAULT NULL COMMENT '父节点流水号',
  `TypeName` varchar(20) CHARACTER SET utf8 COLLATE utf8_general_ci NULL DEFAULT NULL COMMENT '分类名称',
  `TypeId` varchar(50) CHARACTER SET utf8 COLLATE utf8_general_ci NULL DEFAULT NULL COMMENT '分类ID',
  PRIMARY KEY (`Id`) USING BTREE
) ENGINE = InnoDB CHARACTER SET = utf8 COLLATE = utf8_general_ci COMMENT = '组织表' ROW_FORMAT = Compact;

-- ----------------------------
-- Records of org
-- ----------------------------
INSERT INTO `org` VALUES ('08f41bf6-4388-4b1e-bd3e-2ff538b44b1b', '.0.1.4.1.', '研发小组', '', '汇丰软件部', 0, 0, '', 0, '0', '', '2016-10-14 11:40:31', 0, 1, '86449128-d5ac-44bf-b999-f7735b7458fd', NULL, NULL);
INSERT INTO `org` VALUES ('182dac38-64a0-414c-990c-7c9b7558a367', '.0.4.', '中部片区', '', '根节点', 0, 0, '', 0, '', '', '2019-10-31 21:52:38', 0, 0, NULL, '', '');
INSERT INTO `org` VALUES ('1b965fff-3dcd-42ff-9624-2c8eb4f9b1c6', '.0.5.1.', '广州营销中心', '', '华南片区', 0, 0, '', 0, '', '', '2019-10-31 21:56:39', 0, 0, '8e31553c-cab8-4eb3-90b5-5f8ff1d21801', '', '');
INSERT INTO `org` VALUES ('2089637b-403d-4d4d-91ff-c8a554973f96', '.0.4.1.', '海外市场部', '', '中部片区', 0, 0, '', 0, '', '', '2019-10-31 21:53:54', 0, 0, '182dac38-64a0-414c-990c-7c9b7558a367', '', '');
INSERT INTO `org` VALUES ('3d2ad14c-2c56-4a90-a2db-6bde26b0b8b3', '.0.3.1.', '成都营销中心', '', '西南片区', 0, 0, '', 0, '', '', '2019-10-31 21:55:42', 0, 0, '60620558-89a2-4b28-8637-52f514773725', '', '');
INSERT INTO `org` VALUES ('4a3920f1-1470-477e-97ec-0996eb83b638', '.0.1.6.', '市场2部', '', '总部大区', 0, 0, '', 0, '', '', '2019-10-31 21:55:07', 0, 0, '543a9fcf-4770-4fd9-865f-030e562be238', '', '');
INSERT INTO `org` VALUES ('543a9fcf-4770-4fd9-865f-030e562be238', '.0.1.', '总部大区', '', '根节点', 0, 0, '', 0, '0', '', '2016-10-14 11:37:13', 0, 0, NULL, NULL, NULL);
INSERT INTO `org` VALUES ('60620558-89a2-4b28-8637-52f514773725', '.0.3.', '西南片区', '', '根节点', 0, 0, '', 0, '', '', '2019-10-31 21:52:30', 0, 0, NULL, '', '');
INSERT INTO `org` VALUES ('66386671-0494-4e83-8346-fbcf73283f7b', '.0.2.', '华东片区', '', '根节点', 0, 0, '', 0, '', '', '2019-10-31 21:52:19', 0, 0, NULL, '', '');
INSERT INTO `org` VALUES ('8047e605-c54a-48bd-81da-daa9c1fc9091', '.0.4.2.', '郑州营销中心', '', '中部片区', 0, 0, '', 0, '', '', '2019-10-31 21:54:50', 0, 0, '182dac38-64a0-414c-990c-7c9b7558a367', '', '');
INSERT INTO `org` VALUES ('86449128-d5ac-44bf-b999-f7735b7458fd', '.0.1.4.', '软件部', '', '总部大区', 0, 0, '', 1, '0', '', '2016-05-26 15:11:03', 0, 1, '543a9fcf-4770-4fd9-865f-030e562be238', NULL, NULL);
INSERT INTO `org` VALUES ('8e31553c-cab8-4eb3-90b5-5f8ff1d21801', '.0.5.', '华南片区', '', '根节点', 0, 0, '', 0, '', '', '2019-10-31 21:52:55', 0, 0, NULL, '', '');
INSERT INTO `org` VALUES ('9cd918bf-28bc-44de-8e07-23cacbb67f42', '.0.1.7.', '总经办', '', '总部大区', 0, 0, '', 0, '', '', '2019-10-31 21:57:40', 0, 0, '543a9fcf-4770-4fd9-865f-030e562be238', '', '');
INSERT INTO `org` VALUES ('b2083488-64e5-44cc-b8f4-929ffa6f2f72', '.0.2.1.', '上海VIP中心', '', '华东片区', 0, 0, '', 0, '', '', '2019-10-31 21:56:25', 0, 0, '66386671-0494-4e83-8346-fbcf73283f7b', '', '');
INSERT INTO `org` VALUES ('c36e43df-3a99-45da-80d9-3ac5d24f4014', '.0.1.5.', '市场1部', '', '总部大区', 0, 0, '', 0, '0', '', '2016-05-26 15:10:40', 0, 1, '543a9fcf-4770-4fd9-865f-030e562be238', NULL, NULL);
INSERT INTO `org` VALUES ('c455d009-12d7-4c78-953f-264f0ca67a3d', '.0.6.1.', '天津营销中心', '', '华北片区', 0, 0, '', 0, '', '', '2019-10-31 21:56:54', 0, 0, 'eed8756d-587b-46de-96c7-0a400e3d80fa', '', '');
INSERT INTO `org` VALUES ('ced1b2f0-4b53-44b8-9c42-a5d607ccc9c9', '.0.1.8.', '上市办', '', '总部大区', 0, 0, '', 0, '', '', '2019-10-31 21:57:53', 0, 0, '543a9fcf-4770-4fd9-865f-030e562be238', '', '');
INSERT INTO `org` VALUES ('df442c27-68a0-428e-a309-cba23a994a9d', '.0.3.2.', '重庆营销中心', '', '西南片区', 0, 0, '', 0, '', '', '2019-10-31 21:56:06', 0, 0, '60620558-89a2-4b28-8637-52f514773725', '', '');
INSERT INTO `org` VALUES ('eed8756d-587b-46de-96c7-0a400e3d80fa', '.0.6.', '华北片区', '', '根节点', 0, 0, '', 0, '', '', '2019-10-31 21:53:04', 0, 0, NULL, '', '');

-- ----------------------------
-- Table structure for relevance
-- ----------------------------
DROP TABLE IF EXISTS `relevance`;
CREATE TABLE `relevance`  (
  `Id` varchar(50) CHARACTER SET utf8 COLLATE utf8_general_ci NOT NULL COMMENT '流水号',
  `Description` varchar(100) CHARACTER SET utf8 COLLATE utf8_general_ci NOT NULL COMMENT '描述',
  `Key` varchar(100) CHARACTER SET utf8 COLLATE utf8_general_ci NOT NULL COMMENT '映射标识',
  `Status` int(11) NOT NULL COMMENT '状态',
  `OperateTime` datetime(0) NOT NULL COMMENT '授权时间',
  `OperatorId` varchar(50) CHARACTER SET utf8 COLLATE utf8_general_ci NULL DEFAULT NULL COMMENT '授权人',
  `FirstId` varchar(50) CHARACTER SET utf8 COLLATE utf8_general_ci NOT NULL COMMENT '第一个表主键ID',
  `SecondId` varchar(50) CHARACTER SET utf8 COLLATE utf8_general_ci NOT NULL COMMENT '第二个表主键ID',
  `ThirdId` varchar(50) CHARACTER SET utf8 COLLATE utf8_general_ci NULL DEFAULT NULL COMMENT '第三个表主键ID',
  `ExtendInfo` varchar(100) CHARACTER SET utf8 COLLATE utf8_general_ci NULL DEFAULT NULL COMMENT '扩展信息',
  PRIMARY KEY (`Id`) USING BTREE
) ENGINE = InnoDB CHARACTER SET = utf8 COLLATE = utf8_general_ci COMMENT = '多对多关系集中映射' ROW_FORMAT = Compact;

-- ----------------------------
-- Records of relevance
-- ----------------------------
INSERT INTO `relevance` VALUES ('00ae6b5c-21fa-4dc9-8ca4-7df669253255', '', 'RoleElement', 0, '2020-03-19 21:23:19', '', '0a7ebd0c-78d6-4fbc-8fbe-6fc25c3a932d', 'c3d7b478-21e9-4c1e-b866-a3c80be7909b', '', '');
INSERT INTO `relevance` VALUES ('01ba383d-fe81-473a-84a1-f64ce8a5aae5', '', 'UserOrg', 0, '2019-10-31 21:50:42', '', '229f3a49-ab27-49ce-b383-9f10ca23a9d5', '08f41bf6-4388-4b1e-bd3e-2ff538b44b1b', '', '');
INSERT INTO `relevance` VALUES ('026ffa48-8cdf-4452-9ac7-b1b55e58e02a', '', 'RoleElement', 0, '2020-03-19 21:23:19', '', '0a7ebd0c-78d6-4fbc-8fbe-6fc25c3a932d', 'c35d8f5b-0d38-4f31-84f9-39e476eeab08', '', '');
INSERT INTO `relevance` VALUES ('032e20b6-7273-49f9-9b84-0040323114c0', '', 'RoleDataProperty', 0, '2020-03-19 00:17:02', '', '09ee2ffa-7463-4938-ae0b-1cb4e80c7c13', 'WmsInboundOrderTbl', 'CreateUserId', '');
INSERT INTO `relevance` VALUES ('03b55a9e-a44f-44fa-9383-4117bf8aba60', '', 'RoleResource', 0, '2018-09-12 00:15:54', '', '09ee2ffa-7463-4938-ae0b-1cb4e80c7c13', 'XXX_DELETEACCOUNT', NULL, NULL);
INSERT INTO `relevance` VALUES ('03be9b5e-38b0-4525-8431-b26d35ce6ce3', '', 'UserElement', 0, '2016-09-07 15:30:43', '0', '3a95e392-07d4-4af3-b30d-140ca93340f5', '816b12b3-e916-446d-a2fa-329cfd13c831', NULL, NULL);
INSERT INTO `relevance` VALUES ('047348ed-f365-4ae8-820f-e7a5a9879b6c', '', 'RoleModule', 0, '2020-07-31 01:00:02', '', '09ee2ffa-7463-4938-ae0b-1cb4e80c7c13', '4e5ca0d8-3b54-467b-8cf8-7516890aafae', '', '');
INSERT INTO `relevance` VALUES ('054a8347-a62c-4e62-b9b2-0b2d14e9ff94', '', 'RoleModule', 0, '2020-03-19 21:23:19', '', '0a7ebd0c-78d6-4fbc-8fbe-6fc25c3a932d', '7580672f-a390-4bb6-982d-9a4570cb5199', '', '');
INSERT INTO `relevance` VALUES ('06dfd97d-17e0-42b8-bde7-40006d8c8eb2', '', 'UserElement', 0, '2018-04-06 14:50:37', '', '49df1602-f5f3-4d52-afb7-3802da619558', '584c7a3b-d28a-47b4-8648-7797d05d83d1', NULL, NULL);
INSERT INTO `relevance` VALUES ('06f4c4a2-faa8-4bad-9184-50ceb517f30b', '', 'ProcessUser', 0, '2016-09-08 16:48:14', '0', '10cc09fb-d469-41e5-ae3f-fdd805a4bd4c', '3b64b643-cb9a-4654-81e4-6dd9b2f8a6f7', NULL, NULL);
INSERT INTO `relevance` VALUES ('077e24ab-4c48-4a5e-bfa9-90ea00449136', '', 'RoleOrg', 0, '2018-09-12 00:08:47', '', '3e761e88-ddf7-4a62-b219-9a315b4564f2', '86449128-d5ac-44bf-b999-f7735b7458fd', NULL, NULL);
INSERT INTO `relevance` VALUES ('08ff97f7-17fc-4072-b29a-287135898ece', '', 'RoleResource', 0, '2016-09-04 23:20:22', '0', 'db309d88-fd21-4b81-a4d9-ae6276a1d813', 'fdf3aac3-4507-40ad-aa2f-d7f0459de252', NULL, NULL);
INSERT INTO `relevance` VALUES ('0b3d3a9b-8a96-43d4-918c-fa7e3ea5f5ca', '', 'RoleOrg', 0, '2018-09-12 00:08:37', '', '0a7ebd0c-78d6-4fbc-8fbe-6fc25c3a932d', '990cb229-cc18-41f3-8e2b-13f0f0110798', NULL, NULL);
INSERT INTO `relevance` VALUES ('0c3bf1e3-34d9-435f-a166-376294fa6e72', '', 'RoleElement', 0, '2020-12-20 00:15:40', '', 'd27ae3cf-135f-4d57-93a6-2120ddf98650', '66c11d4c-22c9-4bed-adb4-49a19f312c84', '', '');
INSERT INTO `relevance` VALUES ('0c678e5c-e6d6-40fd-b5f5-b2a061a392d3', '', 'RoleElement', 0, '2020-12-20 00:15:40', '', '77e6d0c3-f9e1-4933-92c3-c1c6eef75593', '66c11d4c-22c9-4bed-adb4-49a19f312c84', '', '');
INSERT INTO `relevance` VALUES ('0fd5b371-b010-4846-8833-95cc1e813a32', '', 'UserElement', 0, '2016-09-07 15:31:16', '0', 'ea25646b-964b-4d41-ab03-d8964e1494fb', '68484265-7802-4f06-b024-33e8b2f2edcf', NULL, NULL);
INSERT INTO `relevance` VALUES ('10669494-70e2-4583-b5fd-191d7219b792', '', 'RoleDataProperty', 0, '2019-11-23 00:51:40', '', 'd27ae3cf-135f-4d57-93a6-2120ddf98650', 'Resource', 'AppId', '');
INSERT INTO `relevance` VALUES ('109dcd85-9f50-4b7b-8615-c107496986ba', '', 'RoleElement', 0, '2020-03-19 00:16:55', '', '09ee2ffa-7463-4938-ae0b-1cb4e80c7c13', 'b3e23ebc-0ff2-41b3-bff0-fd5e93f6828a', '', '');
INSERT INTO `relevance` VALUES ('10a76196-ba0c-4294-bb8f-dcd063eb4aab', '', 'UserOrg', 0, '2017-10-12 09:13:38', '', '3eacdedd-e93a-4816-b49c-99ba3d5323c2', '990cb229-cc18-41f3-8e2b-13f0f0110798', NULL, NULL);
INSERT INTO `relevance` VALUES ('10e58d75-dec1-4b85-882f-9dac79ad1210', '', 'RoleResource', 0, '2016-10-21 18:08:13', '0', '4980a85b-e3db-4607-bc2c-0baf0140d7df', 'ec99f670-0eca-465c-9f64-d4d5dc510b83', NULL, NULL);
INSERT INTO `relevance` VALUES ('1148f32e-03db-4b69-99fa-b5b64efb0962', '', 'RoleElement', 0, '2020-12-20 00:15:40', '', 'd27ae3cf-135f-4d57-93a6-2120ddf98650', 'd4257fa0-01d2-4e51-ad49-68c2b2231e3a', '', '');
INSERT INTO `relevance` VALUES ('120d7a5d-203c-4261-95f5-0125757fb386', '', 'UserElement', 0, '2016-10-20 17:01:01', '0', '3a95e392-07d4-4af3-b30d-140ca93340f5', '7f071c63-1620-4486-9264-5806b2e63218', NULL, NULL);
INSERT INTO `relevance` VALUES ('12f282b5-e87f-416e-8a7c-f9830d115b9a', '', 'RoleDataProperty', 0, '2019-11-23 01:05:44', '', '0a7ebd0c-78d6-4fbc-8fbe-6fc25c3a932d', 'WmsInboundOrderTbl', 'UpdateUserId', '');
INSERT INTO `relevance` VALUES ('13433400-a32c-4539-b988-8b417c09bc0e', '', 'UserModule', 0, '2016-09-07 15:30:07', '0', '3b64b643-cb9a-4654-81e4-6dd9b2f8a6f7', '9486ff22-b696-4d7f-8093-8a3e53c45453', NULL, NULL);
INSERT INTO `relevance` VALUES ('13612a4c-b20c-4bd0-a2cd-0ae47576364d', '', 'UserElement', 0, '2016-10-20 16:34:12', '0', '3a95e392-07d4-4af3-b30d-140ca93340f5', 'c7d7daf0-3669-4a22-8bed-b092617deb9c', NULL, NULL);
INSERT INTO `relevance` VALUES ('148e317e-dacf-44b4-b3b8-7f68af74acdd', '', 'RoleModule', 0, '2020-03-19 21:23:19', '', '0a7ebd0c-78d6-4fbc-8fbe-6fc25c3a932d', '069475e3-c997-487a-9f29-e6a864c5c1d4', '', '');
INSERT INTO `relevance` VALUES ('1490edd4-9bd3-4e71-bfa4-56f6558c1d3f', '', 'UserElement', 0, '2018-04-06 09:48:24', '', '6ba79766-faa0-4259-8139-a4a6d35784e0', '79dcd3eb-3aaf-4e08-83c9-713d8ff446fe', NULL, NULL);
INSERT INTO `relevance` VALUES ('15705855-3e8d-4404-98f4-59af683f20ce', '', 'RoleModule', 0, '2020-03-19 21:23:19', '', '0a7ebd0c-78d6-4fbc-8fbe-6fc25c3a932d', '98a949e8-8704-40a7-b9a1-c0e8801e4057', '', '');
INSERT INTO `relevance` VALUES ('15e66b55-cdce-47a1-9c08-21d5525524e8', '', 'RoleModule', 0, '2020-03-19 00:16:55', '', '09ee2ffa-7463-4938-ae0b-1cb4e80c7c13', '0031262c-689c-4b96-bae2-2c9d67076ade', '', '');
INSERT INTO `relevance` VALUES ('16154fc4-d18e-44a3-bcf2-5539b168aba7', '', 'RoleElement', 0, '2016-10-24 17:25:15', '0', 'db309d88-fd21-4b81-a4d9-ae6276a1d813', '18cc3217-28a6-49b2-9a20-080230065984', NULL, NULL);
INSERT INTO `relevance` VALUES ('1624d5f8-5605-463e-bbe6-d5cfb6cbfb77', '', 'RoleElement', 0, '2020-12-20 00:15:40', '', '77e6d0c3-f9e1-4933-92c3-c1c6eef75593', 'd4257fa0-01d2-4e51-ad49-68c2b2231e3a', '', '');
INSERT INTO `relevance` VALUES ('1740ff26-a4d0-44cc-9fab-a0105c2c60b6', '', 'UserOrg', 0, '2017-10-12 13:59:49', '', '63c9c82a-e0d3-4bde-bbd2-057cda2f5283', '08f41bf6-4388-4b1e-bd3e-2ff538b44b1b', NULL, NULL);
INSERT INTO `relevance` VALUES ('18389d29-c82d-4181-8ea0-1440ca1c2093', '', 'RoleElement', 0, '2020-03-19 22:31:02', '', 'd27ae3cf-135f-4d57-93a6-2120ddf98650', '9e2c6754-f258-4b14-96a0-b9d981196a65', '', '');
INSERT INTO `relevance` VALUES ('183905f3-620c-4995-aead-1e80c5899517', '', 'RoleDataProperty', 0, '2019-11-23 00:19:30', '', '0a7ebd0c-78d6-4fbc-8fbe-6fc25c3a932d', 'Category', 'Id', '');
INSERT INTO `relevance` VALUES ('1873ed85-a88a-4236-bd40-2c416aa2576c', '', 'RoleModule', 0, '2016-09-02 17:03:39', '0', '211e12c7-e466-496e-8d26-0660a38e24cc', '7580672f-a390-4bb6-982d-9a4570cb5199', NULL, NULL);
INSERT INTO `relevance` VALUES ('18aa904d-6625-430d-9475-ec84d8c8e605', '', 'RoleModule', 0, '2020-03-19 22:31:02', '', 'd27ae3cf-135f-4d57-93a6-2120ddf98650', 'e8dc5db6-4fc4-4795-a1cc-681cbcceec91', '', '');
INSERT INTO `relevance` VALUES ('19c9621c-3d23-46b7-a841-54d5c82ec8e8', '', 'UserOrg', 0, '2016-09-02 13:56:53', '0', '3b64b643-cb9a-4654-81e4-6dd9b2f8a6f7', '990cb229-cc18-41f3-8e2b-13f0f0110798', NULL, NULL);
INSERT INTO `relevance` VALUES ('1aaa04f0-bd9f-44a0-8bc2-3f7a74684c42', '', 'RoleDataProperty', 0, '2019-11-23 00:19:30', '', '0a7ebd0c-78d6-4fbc-8fbe-6fc25c3a932d', 'Category', 'DtCode', '');
INSERT INTO `relevance` VALUES ('1acec4c4-0136-4e2b-a839-8676dbd6594a', '', 'ProcessUser', 0, '2016-09-14 11:38:23', '0', '6c6afe3c-349c-4198-8710-cf19c90f3afd', '3b64b643-cb9a-4654-81e4-6dd9b2f8a6f7', NULL, NULL);
INSERT INTO `relevance` VALUES ('1ced1564-2fea-4c04-8aea-f071fa5bb293', '', 'UserModule', 0, '2016-09-05 16:24:55', '0', 'ea25646b-964b-4d41-ab03-d8964e1494fb', '069475e3-c997-487a-9f29-e6a864c5c1d4', NULL, NULL);
INSERT INTO `relevance` VALUES ('1cf19b35-e2c2-436f-99b9-03ac2b232cc6', '', 'RoleElement', 0, '2016-09-04 23:21:04', '0', 'db309d88-fd21-4b81-a4d9-ae6276a1d813', '44075557-496e-4dde-bb75-7b69f51ab4fe', NULL, NULL);
INSERT INTO `relevance` VALUES ('1dca9a35-06e8-4275-8902-13c619880357', '', 'RoleDataProperty', 0, '2020-03-19 00:17:02', '', '09ee2ffa-7463-4938-ae0b-1cb4e80c7c13', 'WmsInboundOrderTbl', 'ScheduledInboundTime', '');
INSERT INTO `relevance` VALUES ('1e84dafd-3f4d-4b13-a738-2cf0c98e2351', '', 'RoleDataProperty', 0, '2020-03-19 00:17:02', '', '09ee2ffa-7463-4938-ae0b-1cb4e80c7c13', 'Resource', 'AppId', '');
INSERT INTO `relevance` VALUES ('1fb6b802-2a1f-49a8-b2fa-c5d223a8538c', '', 'RoleDataProperty', 0, '2019-11-23 00:51:40', '', 'd27ae3cf-135f-4d57-93a6-2120ddf98650', 'Resource', 'UpdateTime', '');
INSERT INTO `relevance` VALUES ('2014027e-0cff-41cf-974b-56126d6eaa9a', '', 'RoleElement', 0, '2016-09-05 09:22:11', '0', '4980a85b-e3db-4607-bc2c-0baf0140d7df', 'c4c1acbb-9cbf-4b1e-9cc0-ccf5ff544ec2', NULL, NULL);
INSERT INTO `relevance` VALUES ('224fa0b0-cdd6-47cf-89c5-45ad2a64bfd5', '', 'RoleDataProperty', 0, '2019-11-23 01:05:44', '', '0a7ebd0c-78d6-4fbc-8fbe-6fc25c3a932d', 'WmsInboundOrderTbl', 'OrderType', '');
INSERT INTO `relevance` VALUES ('22ed8881-2416-47e0-8c00-e1b7c25b2c17', '', 'RoleModule', 0, '2020-07-31 01:00:02', '', '77e6d0c3-f9e1-4933-92c3-c1c6eef75593', '4e5ca0d8-3b54-467b-8cf8-7516890aafae', '', '');
INSERT INTO `relevance` VALUES ('23339fa0-94f4-4d35-a775-bda84d152841', '', 'RoleModule', 0, '2020-03-19 00:16:55', '', '09ee2ffa-7463-4938-ae0b-1cb4e80c7c13', '069475e3-c997-487a-9f29-e6a864c5c1d4', '', '');
INSERT INTO `relevance` VALUES ('242e9543-3343-41d4-8816-15ffeeaef551', '', 'UserElement', 0, '2016-09-07 15:31:16', '0', 'ea25646b-964b-4d41-ab03-d8964e1494fb', '584c7a3b-d28a-47b4-8648-7797d05d83d1', NULL, NULL);
INSERT INTO `relevance` VALUES ('27c4d50c-32da-4dbc-88a1-84b343cdd649', '', 'UserElement', 0, '2016-10-20 17:01:00', '0', '3a95e392-07d4-4af3-b30d-140ca93340f5', '6839a297-350b-4215-b680-4e5dfdae5615', NULL, NULL);
INSERT INTO `relevance` VALUES ('29b06cd6-af0c-4c63-9aba-e5431c5d62ec', '', 'UserOrg', 0, '2017-10-12 09:13:38', '', '3eacdedd-e93a-4816-b49c-99ba3d5323c2', '08f41bf6-4388-4b1e-bd3e-2ff538b44b1b', NULL, NULL);
INSERT INTO `relevance` VALUES ('2a36a2b7-41aa-4190-b88c-75d44a56ad6e', '', 'UserModule', 0, '2017-02-06 00:14:18', '0', '3a95e392-07d4-4af3-b30d-140ca93340f5', '92b00259-2d15-43e7-9321-adffb29e8bf2', NULL, NULL);
INSERT INTO `relevance` VALUES ('2a8a790f-0b9a-4ab3-8e4f-aae4bfddc609', '', 'RoleDataProperty', 0, '2019-11-23 01:05:44', '', '0a7ebd0c-78d6-4fbc-8fbe-6fc25c3a932d', 'WmsInboundOrderTbl', 'PurchaseNo', '');
INSERT INTO `relevance` VALUES ('2bb3fddb-0f51-442e-8dbf-236beb47d8a6', '', 'RoleOrg', 0, '2018-04-14 13:16:45', '', '77e6d0c3-f9e1-4933-92c3-c1c6eef75593', '08f41bf6-4388-4b1e-bd3e-2ff538b44b1b', NULL, NULL);
INSERT INTO `relevance` VALUES ('2c67ac44-5b67-4942-b457-2212e9a5dbf9', '', 'RoleModule', 0, '2020-03-19 00:16:55', '', '09ee2ffa-7463-4938-ae0b-1cb4e80c7c13', 'e8dc5db6-4fc4-4795-a1cc-681cbcceec91', '', '');
INSERT INTO `relevance` VALUES ('2ca288a6-d222-4328-951e-c01c3e77a0c7', '', 'RoleElement', 0, '2016-09-04 23:21:00', '0', 'db309d88-fd21-4b81-a4d9-ae6276a1d813', '7f071c63-1620-4486-9264-5806b2e63218', NULL, NULL);
INSERT INTO `relevance` VALUES ('2d0fcc88-a7c0-4d33-8a08-1d688e9dde83', '', 'RoleModule', 0, '2016-09-02 17:03:39', '0', '211e12c7-e466-496e-8d26-0660a38e24cc', 'a94d5648-c2a9-405e-ba6f-f1602ec9b807', NULL, NULL);
INSERT INTO `relevance` VALUES ('2d15e438-cc3a-41e9-9b13-325bfd5c804a', '', 'RoleElement', 0, '2016-09-04 23:21:09', '0', 'db309d88-fd21-4b81-a4d9-ae6276a1d813', '84e38920-f6e5-499c-bf52-a3c6f8499ff7', NULL, NULL);
INSERT INTO `relevance` VALUES ('2e1d286c-b771-43b0-947e-eeab185cc014', '', 'RoleModule', 0, '2020-03-19 21:23:19', '', '0a7ebd0c-78d6-4fbc-8fbe-6fc25c3a932d', '4abafc83-c8f5-452f-9882-e113a86e7a3e', '', '');
INSERT INTO `relevance` VALUES ('2ebff9a4-b2d5-4a35-a7dd-2cfa2f5b0522', '', 'ProcessUser', 0, '2016-09-07 17:33:39', '0', '52cc7933-a045-4dcc-8c17-1b618bfa772b', '3b64b643-cb9a-4654-81e4-6dd9b2f8a6f7', NULL, NULL);
INSERT INTO `relevance` VALUES ('30c82d18-7892-4e5f-9aee-e4f483a858c2', '', 'UserModule', 0, '2016-09-05 16:24:55', '0', 'ea25646b-964b-4d41-ab03-d8964e1494fb', '9486ff22-b696-4d7f-8093-8a3e53c45453', NULL, NULL);
INSERT INTO `relevance` VALUES ('3225a4dc-c988-410c-8bcd-9afbccbafc09', '', 'RoleElement', 0, '2020-03-19 00:16:55', '', '09ee2ffa-7463-4938-ae0b-1cb4e80c7c13', '584c7a3b-d28a-47b4-8648-7797d05d83d1', '', '');
INSERT INTO `relevance` VALUES ('332a373c-f485-4f85-9af9-7792f7462bf1', '', 'RoleModule', 0, '2016-09-02 17:03:47', '0', '648b04c4-4ac2-4d69-bef6-07081ef27871', '89c3bfbe-246f-4112-8eb1-b6789da54202', NULL, NULL);
INSERT INTO `relevance` VALUES ('333771cf-7eab-4d57-988a-8bd934575558', '', 'RoleDataProperty', 0, '2019-11-23 01:05:44', '', '0a7ebd0c-78d6-4fbc-8fbe-6fc25c3a932d', 'WmsInboundOrderTbl', 'OwnerId', '');
INSERT INTO `relevance` VALUES ('336b16ba-8313-4cb3-87d7-4370ff175c14', '', 'RoleDataProperty', 0, '2019-11-23 01:05:44', '', '0a7ebd0c-78d6-4fbc-8fbe-6fc25c3a932d', 'Resource', 'Id', '');
INSERT INTO `relevance` VALUES ('33fa12d8-8e48-4d1c-9c84-50f533b682ec', '', 'RoleDataProperty', 0, '2019-11-23 01:05:44', '', '0a7ebd0c-78d6-4fbc-8fbe-6fc25c3a932d', 'WmsInboundOrderTbl', 'CreateTime', '');
INSERT INTO `relevance` VALUES ('340c60fe-8b95-474c-aa04-9197903998d2', '', 'RoleModule', 0, '2016-09-04 23:20:34', '0', 'db309d88-fd21-4b81-a4d9-ae6276a1d813', '7580672f-a390-4bb6-982d-9a4570cb5199', NULL, NULL);
INSERT INTO `relevance` VALUES ('361feb63-bde2-49c7-86ec-6df3ec6f0fe3', '', 'RoleElement', 0, '2016-09-04 23:21:13', '0', 'db309d88-fd21-4b81-a4d9-ae6276a1d813', '1c870438-4260-43a5-8996-a6e1dc8bbf6a', NULL, NULL);
INSERT INTO `relevance` VALUES ('388f792e-dbd1-40a1-8374-9339e7e60d9e', '', 'RoleDataProperty', 0, '2020-03-19 00:17:02', '', '09ee2ffa-7463-4938-ae0b-1cb4e80c7c13', 'WmsInboundOrderTbl', 'UpdateTime', '');
INSERT INTO `relevance` VALUES ('3905b8a3-ed7e-4fe0-9e6d-747f6bc79235', '', 'RoleDataProperty', 0, '2020-03-19 00:17:02', '', '09ee2ffa-7463-4938-ae0b-1cb4e80c7c13', 'Resource', 'TypeName', '');
INSERT INTO `relevance` VALUES ('392dc41e-7186-4efb-a8e5-b5317e4122fb', '', 'RoleResource', 0, '2018-09-10 12:54:14', '', '0a7ebd0c-78d6-4fbc-8fbe-6fc25c3a932d', 'OPENAUTH_DELETEACCOUNT', NULL, NULL);
INSERT INTO `relevance` VALUES ('3931d5b7-dde2-4530-bb2d-79b73f76e19b', '', 'RoleDataProperty', 0, '2019-11-23 00:19:30', '', '0a7ebd0c-78d6-4fbc-8fbe-6fc25c3a932d', 'Category', 'Name', '');
INSERT INTO `relevance` VALUES ('3aa0cdcb-ec57-420e-b1b0-eb4d77b8a8d5', '', 'UserOrg', 0, '2020-03-19 21:20:04', '', '49df1602-f5f3-4d52-afb7-3802da619558', '86449128-d5ac-44bf-b999-f7735b7458fd', '', '');
INSERT INTO `relevance` VALUES ('3b4845a5-d7a2-4da7-b95c-43ad03980fda', '', 'UserOrg', 0, '2020-03-19 21:20:04', '', '49df1602-f5f3-4d52-afb7-3802da619558', '08f41bf6-4388-4b1e-bd3e-2ff538b44b1b', '', '');
INSERT INTO `relevance` VALUES ('3bcaab20-e096-480e-a9bb-0fdb70686714', '', 'RoleElement', 0, '2016-09-04 23:21:00', '0', 'db309d88-fd21-4b81-a4d9-ae6276a1d813', 'cf7388be-2677-427c-ad78-8f00f1062b96', NULL, NULL);
INSERT INTO `relevance` VALUES ('3de0359b-6331-4dc7-a00e-751f71dbadb5', '', 'ProcessUser', 0, '2016-09-28 09:23:30', '0', '68295d2a-4dfd-4c5e-81e3-9c787e2603bc', '3b64b643-cb9a-4654-81e4-6dd9b2f8a6f7', NULL, NULL);
INSERT INTO `relevance` VALUES ('4190f00a-11a0-4814-849b-cc5232fa4dd4', '', 'RoleResource', 0, '2018-09-12 00:15:54', '', '09ee2ffa-7463-4938-ae0b-1cb4e80c7c13', 'OPENAUTH_DELETEACCOUNT', NULL, NULL);
INSERT INTO `relevance` VALUES ('42ba8a59-5493-4e11-b61b-d87000092767', '', 'RoleModule', 0, '2020-03-19 00:16:55', '', '09ee2ffa-7463-4938-ae0b-1cb4e80c7c13', '4abafc83-c8f5-452f-9882-e113a86e7a3e', '', '');
INSERT INTO `relevance` VALUES ('4459ffd7-446b-456b-aee5-48e67ca000f8', '', 'UserOrg', 0, '2019-10-31 21:51:45', '', '6ba79766-faa0-4259-8139-a4a6d35784e0', '08f41bf6-4388-4b1e-bd3e-2ff538b44b1b', '', '');
INSERT INTO `relevance` VALUES ('456ddfed-6607-41e9-9c46-0d4c7c9c38d4', '', 'RoleDataProperty', 0, '2020-03-19 00:17:02', '', '09ee2ffa-7463-4938-ae0b-1cb4e80c7c13', 'WmsInboundOrderTbl', 'Status', '');
INSERT INTO `relevance` VALUES ('45744773-1b85-4913-bc1b-2f00b95a8198', '', 'RoleElement', 0, '2020-03-19 00:16:55', '', '09ee2ffa-7463-4938-ae0b-1cb4e80c7c13', '9e2c6754-f258-4b14-96a0-b9d981196a65', '', '');
INSERT INTO `relevance` VALUES ('45e97612-46d8-4c36-b89e-ce6572ed7988', '', 'RoleDataProperty', 0, '2020-03-19 00:17:02', '', '09ee2ffa-7463-4938-ae0b-1cb4e80c7c13', 'Resource', 'Id', '');
INSERT INTO `relevance` VALUES ('460d1c98-2a68-43cf-8d38-d40ceb89916f', '', 'UserOrg', 0, '2017-10-12 09:13:38', '', '3eacdedd-e93a-4816-b49c-99ba3d5323c2', '86449128-d5ac-44bf-b999-f7735b7458fd', NULL, NULL);
INSERT INTO `relevance` VALUES ('465b8bc0-b817-410d-849e-55f66b2a3211', '', 'RoleModule', 0, '2020-03-19 00:16:55', '', '09ee2ffa-7463-4938-ae0b-1cb4e80c7c13', '98a949e8-8704-40a7-b9a1-c0e8801e4057', '', '');
INSERT INTO `relevance` VALUES ('471e98ee-9cc5-4dc7-8762-a452e855dbd5', '', 'RoleDataProperty', 0, '2020-03-19 00:17:02', '', '09ee2ffa-7463-4938-ae0b-1cb4e80c7c13', 'WmsInboundOrderTbl', 'CreateTime', '');
INSERT INTO `relevance` VALUES ('4757bb30-e4bc-4c2d-a824-947ef151d341', '', 'UserRole', 0, '2016-09-07 20:21:16', '0', '3b64b643-cb9a-4654-81e4-6dd9b2f8a6f7', '4980a85b-e3db-4607-bc2c-0baf0140d7df', NULL, NULL);
INSERT INTO `relevance` VALUES ('4ba3982b-f0ae-4f9a-980e-1eaedc3b5f2e', '', 'UserElement', 0, '2016-09-07 17:48:34', '0', '3b64b643-cb9a-4654-81e4-6dd9b2f8a6f7', '584c7a3b-d28a-47b4-8648-7797d05d83d1', NULL, NULL);
INSERT INTO `relevance` VALUES ('4c2fb006-53d6-4041-8cf6-e5d74d788897', '', 'UserModule', 0, '2018-04-06 09:48:19', '', '6ba79766-faa0-4259-8139-a4a6d35784e0', '9486ff22-b696-4d7f-8093-8a3e53c45453', NULL, NULL);
INSERT INTO `relevance` VALUES ('4c69794b-9957-4f6b-b0fb-6455fe643565', '', 'UserElement', 0, '2018-04-06 14:50:41', '', '49df1602-f5f3-4d52-afb7-3802da619558', '826b12b3-e916-446d-a2fa-329cfd13c831', NULL, NULL);
INSERT INTO `relevance` VALUES ('4daccce5-cb7b-46aa-8bed-3c85c72436be', '', 'RoleOrg', 0, '2018-09-12 00:08:37', '', '0a7ebd0c-78d6-4fbc-8fbe-6fc25c3a932d', '08f41bf6-4388-4b1e-bd3e-2ff538b44b1b', NULL, NULL);
INSERT INTO `relevance` VALUES ('4e613188-0387-4d17-a60d-703b4a606d75', '', 'RoleModule', 0, '2016-09-04 23:20:34', '0', 'db309d88-fd21-4b81-a4d9-ae6276a1d813', 'bc80478d-0547-4437-9cff-be4b40144bdf', NULL, NULL);
INSERT INTO `relevance` VALUES ('4e665304-9f05-410e-b68f-44d45281b788', '', 'RoleOrg', 0, '2018-09-12 00:08:47', '', '3e761e88-ddf7-4a62-b219-9a315b4564f2', 'c36e43df-3a99-45da-80d9-3ac5d24f4014', NULL, NULL);
INSERT INTO `relevance` VALUES ('4e693bbd-8ddb-42af-b888-30885612c154', '', 'UserOrg', 0, '2019-10-31 21:58:43', '', '96f63f9d-e8c8-4258-963e-3327ed7d6f56', '3d2ad14c-2c56-4a90-a2db-6bde26b0b8b3', '', '');
INSERT INTO `relevance` VALUES ('4ec39ee9-9ee9-4aa9-a0db-eb0fdf8d2f00', '', 'UserElement', 0, '2018-04-06 09:48:27', '', '6ba79766-faa0-4259-8139-a4a6d35784e0', 'b3e23ebc-0ff2-41b3-bff0-fd5e93f6828a', NULL, NULL);
INSERT INTO `relevance` VALUES ('4ee89c07-55e2-4ca6-9ef1-449cfe0a2c3c', '', 'RoleResource', 0, '2018-09-12 00:15:54', '', '09ee2ffa-7463-4938-ae0b-1cb4e80c7c13', 'OPENAUTH_LOGIN', NULL, NULL);
INSERT INTO `relevance` VALUES ('4fde1dc6-9d73-4c7c-9238-28981858c5a6', '', 'RoleModule', 0, '2016-09-05 09:21:56', '0', '4980a85b-e3db-4607-bc2c-0baf0140d7df', '89c3bfbe-246f-4112-8eb1-b6789da54202', NULL, NULL);
INSERT INTO `relevance` VALUES ('5167dbcd-3a32-4ae8-827e-6f381cc58fa2', '', 'RoleElement', 0, '2016-09-04 23:21:00', '0', 'db309d88-fd21-4b81-a4d9-ae6276a1d813', 'fa816af1-a28d-47b5-9b8b-c46e18f902e9', NULL, NULL);
INSERT INTO `relevance` VALUES ('526d6f39-e75a-402b-8ba6-9bb08731da1e', '', 'RoleDataProperty', 0, '2020-03-19 00:17:02', '', '09ee2ffa-7463-4938-ae0b-1cb4e80c7c13', 'Resource', 'CreateTime', '');
INSERT INTO `relevance` VALUES ('53a4be87-4fa8-415b-97b5-2298ce8b17c8', '', 'UserResource', 0, '2018-04-14 14:38:04', '', '49df1602-f5f3-4d52-afb7-3802da619558', 'XXX_LOGIN', NULL, NULL);
INSERT INTO `relevance` VALUES ('54b2e9b6-1f7c-4a39-92c9-98f58429c1fc', '', 'RoleModule', 0, '2016-09-02 17:03:39', '0', '211e12c7-e466-496e-8d26-0660a38e24cc', 'bc80478d-0547-4437-9cff-be4b40144bdf', NULL, NULL);
INSERT INTO `relevance` VALUES ('55b10ecc-3fb3-4127-b69e-e7a3467d7a1a', '', 'RoleElement', 0, '2016-09-05 09:22:11', '0', '4980a85b-e3db-4607-bc2c-0baf0140d7df', '6db928fe-93df-460f-9472-8bb0b6cae52c', NULL, NULL);
INSERT INTO `relevance` VALUES ('5725ff79-43c6-4778-bbff-131cf364dab6', '', 'UserElement', 0, '2016-10-20 17:01:01', '0', '3a95e392-07d4-4af3-b30d-140ca93340f5', 'cf7388be-2677-427c-ad78-8f00f1062b96', NULL, NULL);
INSERT INTO `relevance` VALUES ('575221eb-0e4d-4cfa-9cd8-59607784d43d', '', 'UserRole', 0, '2019-10-31 21:59:41', '', '6ba79766-faa0-4259-8139-a4a6d35784e0', '3e761e88-ddf7-4a62-b219-9a315b4564f2', '', '');
INSERT INTO `relevance` VALUES ('5965ae4d-c718-421f-9895-fdf6255a002e', '', 'RoleDataProperty', 0, '2020-03-19 00:17:02', '', '09ee2ffa-7463-4938-ae0b-1cb4e80c7c13', 'WmsInboundOrderTbl', 'ReturnBoxNum', '');
INSERT INTO `relevance` VALUES ('5a20d59c-6ee6-4fe2-98fe-7b35b11026ae', '', 'UserElement', 0, '2016-09-07 15:30:20', '0', '3b64b643-cb9a-4654-81e4-6dd9b2f8a6f7', '68484265-7802-4f06-b024-33e8b2f2edcf', NULL, NULL);
INSERT INTO `relevance` VALUES ('5aa8ae27-e5b1-4f46-9342-73f1ba11c14c', '', 'RoleElement', 0, '2020-03-19 21:23:19', '', '0a7ebd0c-78d6-4fbc-8fbe-6fc25c3a932d', '826b12b3-e916-446d-a2fa-329cfd13c831', '', '');
INSERT INTO `relevance` VALUES ('5b2d5db8-d603-4be3-add2-c85ef3c53ddc', '', 'UserResource', 0, '2018-04-14 14:38:05', '', '49df1602-f5f3-4d52-afb7-3802da619558', 'OPENAUTH_LOGIN', NULL, NULL);
INSERT INTO `relevance` VALUES ('5ccce632-f8f0-452b-8faf-4a5372004e85', '', 'RoleResource', 0, '2018-09-12 00:15:54', '', '09ee2ffa-7463-4938-ae0b-1cb4e80c7c13', 'XXX_CHECKUSER', NULL, NULL);
INSERT INTO `relevance` VALUES ('5d3b607c-ba36-4461-b31b-87f3ff84450c', '', 'RoleElement', 0, '2020-12-20 00:15:40', '', '77e6d0c3-f9e1-4933-92c3-c1c6eef75593', 'f516888d-fdce-4420-a630-d0830c1c6cbc', '', '');
INSERT INTO `relevance` VALUES ('5f616264-84f0-42de-a84a-61d11f2f4786', '', 'RoleElement', 0, '2020-03-19 00:16:55', '', '09ee2ffa-7463-4938-ae0b-1cb4e80c7c13', '4bfa8ea0-6b0d-426f-8687-b654575ca780', '', '');
INSERT INTO `relevance` VALUES ('5f8ac964-c87d-44c0-b780-c4c1382800ea', '', 'RoleElement', 0, '2020-03-19 22:31:02', '', 'd27ae3cf-135f-4d57-93a6-2120ddf98650', '6c814946-db5c-48bd-84dd-b1c38196ad74', '', '');
INSERT INTO `relevance` VALUES ('620b368a-7b56-4c74-ab85-8bc91d08ddc9', '', 'RoleElement', 0, '2016-09-04 23:20:42', '0', 'db309d88-fd21-4b81-a4d9-ae6276a1d813', '1c9acc3e-a40d-4d07-b495-6e60eb9b71b9', NULL, NULL);
INSERT INTO `relevance` VALUES ('635779b1-f223-41f2-b9a4-7f35633008d7', '', 'RoleElement', 0, '2020-03-19 00:16:55', '', '09ee2ffa-7463-4938-ae0b-1cb4e80c7c13', '18cc3217-28a6-49b2-9a20-080230065984', '', '');
INSERT INTO `relevance` VALUES ('6431a464-6f1f-4ffc-8157-89212b70f09a', '', 'RoleOrg', 0, '2016-09-05 00:00:00', '0', '4980a85b-e3db-4607-bc2c-0baf0140d7df', '08f41bf6-4388-4b1e-bd3e-2ff538b44b1b', NULL, NULL);
INSERT INTO `relevance` VALUES ('64e4f5aa-28ef-4690-9b20-5f0b543964f6', '', 'UserElement', 0, '2016-09-07 15:30:20', '0', '3b64b643-cb9a-4654-81e4-6dd9b2f8a6f7', '816b12b3-e916-446d-a2fa-329cfd13c831', NULL, NULL);
INSERT INTO `relevance` VALUES ('6532f9c1-3067-4952-b008-e766f833050e', '', 'UserRole', 0, '2019-11-23 00:48:41', '', '96f63f9d-e8c8-4258-963e-3327ed7d6f56', '77e6d0c3-f9e1-4933-92c3-c1c6eef75593', '', '');
INSERT INTO `relevance` VALUES ('6552d053-69b3-4ae9-b1f2-497582dcb8aa', '', 'RoleElement', 0, '2020-03-19 00:16:55', '', '09ee2ffa-7463-4938-ae0b-1cb4e80c7c13', 'c7d7daf0-3669-4a22-8bed-b092617deb9c', '', '');
INSERT INTO `relevance` VALUES ('6645b6fb-efcf-4e48-9c13-84f79bc5be34', '', 'RoleOrg', 0, '2018-04-14 13:16:45', '', '77e6d0c3-f9e1-4933-92c3-c1c6eef75593', '86449128-d5ac-44bf-b999-f7735b7458fd', NULL, NULL);
INSERT INTO `relevance` VALUES ('66e25fc5-093d-42ab-85dc-a38f6600889b', '', 'UserOrg', 0, '2016-09-02 13:57:32', '0', 'ea25646b-964b-4d41-ab03-d8964e1494fb', 'c36e43df-3a99-45da-80d9-3ac5d24f4014', NULL, NULL);
INSERT INTO `relevance` VALUES ('6868eafa-98d3-44b9-a176-1992c4a84a40', '', 'RoleModule', 0, '2020-07-31 01:00:02', '', 'd27ae3cf-135f-4d57-93a6-2120ddf98650', '4e5ca0d8-3b54-467b-8cf8-7516890aafae', '', '');
INSERT INTO `relevance` VALUES ('68912e65-256e-45b6-b48e-036382598d32', '', 'RoleOrg', 0, '2016-10-17 10:03:49', '0', '2eb423d6-6ad9-4efe-b423-872478a2a434', '990cb229-cc18-41f3-8e2b-13f0f0110798', NULL, NULL);
INSERT INTO `relevance` VALUES ('68984a83-ce96-4144-9e23-0e0f2249fb45', '', 'UserOrg', 0, '2019-10-31 21:51:30', '', 'de8be521-f1ec-4483-b124-0be342890507', 'c36e43df-3a99-45da-80d9-3ac5d24f4014', '', '');
INSERT INTO `relevance` VALUES ('6a0d3b61-67d0-4090-a622-08d5643e1af8', '', 'RoleDataProperty', 0, '2020-03-19 00:17:02', '', '09ee2ffa-7463-4938-ae0b-1cb4e80c7c13', 'Resource', 'Name', '');
INSERT INTO `relevance` VALUES ('6a427baa-c54c-4830-a2fe-34e206f471c5', '', 'RoleElement', 0, '2020-03-19 21:23:19', '', '0a7ebd0c-78d6-4fbc-8fbe-6fc25c3a932d', '2d595a2a-5de5-479e-a331-b53c799a6b10', '', '');
INSERT INTO `relevance` VALUES ('6b9c4789-042c-4f6f-a749-ee68ee87462d', '', 'ProcessUser', 0, '2016-10-27 16:47:52', '0', '054ff054-d8ae-4911-a596-8fb1f66b348f', '3a95e392-07d4-4af3-b30d-140ca93340f5', NULL, NULL);
INSERT INTO `relevance` VALUES ('6d6eb70e-0caf-485f-943c-671be021a588', '', 'RoleDataProperty', 0, '2020-03-19 00:17:02', '', '09ee2ffa-7463-4938-ae0b-1cb4e80c7c13', 'Resource', 'AppName', '');
INSERT INTO `relevance` VALUES ('6da6d662-8cef-47cd-80b3-fa885b2dca7a', '', 'RoleOrg', 0, '2018-04-14 13:16:45', '', '77e6d0c3-f9e1-4933-92c3-c1c6eef75593', '990cb229-cc18-41f3-8e2b-13f0f0110798', NULL, NULL);
INSERT INTO `relevance` VALUES ('6db5666b-6f8c-4e83-bada-0b45054bd9a4', '', 'RoleElement', 0, '2016-09-04 23:20:42', '0', 'db309d88-fd21-4b81-a4d9-ae6276a1d813', '0d25438e-1436-48e0-aedf-0f1690693282', NULL, NULL);
INSERT INTO `relevance` VALUES ('6fe52499-f800-47ce-96fc-a2b5b43505d5', '', 'UserElement', 0, '2018-04-06 09:48:22', '', '6ba79766-faa0-4259-8139-a4a6d35784e0', '584c7a3b-d28a-47b4-8648-7797d05d83d1', NULL, NULL);
INSERT INTO `relevance` VALUES ('7082bc48-535e-4b92-9dc0-c58340a8239d', '', 'RoleDataProperty', 0, '2019-11-23 01:05:44', '', '0a7ebd0c-78d6-4fbc-8fbe-6fc25c3a932d', 'Resource', 'Name', '');
INSERT INTO `relevance` VALUES ('715d017a-68b6-468d-aa3f-32ca4cfd4b9e', '', 'RoleModule', 0, '2016-09-04 23:20:34', '0', 'db309d88-fd21-4b81-a4d9-ae6276a1d813', 'bedb41a2-f310-4775-af99-01be08adda93', NULL, NULL);
INSERT INTO `relevance` VALUES ('71fa1d0c-1928-4a16-aa94-c92e6f671581', '', 'RoleDataProperty', 0, '2019-11-23 00:51:40', '', 'd27ae3cf-135f-4d57-93a6-2120ddf98650', 'Resource', 'AppName', '');
INSERT INTO `relevance` VALUES ('72bf4729-af60-42f5-b0d7-717362ffad7f', '', 'RoleElement', 0, '2016-09-04 23:21:00', '0', 'db309d88-fd21-4b81-a4d9-ae6276a1d813', '2feefce1-e3d8-42ac-b811-2352679628da', NULL, NULL);
INSERT INTO `relevance` VALUES ('736141c8-330b-4600-a781-8d0e7cdc01e5', '', 'RoleDataProperty', 0, '2020-03-19 00:17:02', '', '09ee2ffa-7463-4938-ae0b-1cb4e80c7c13', 'WmsInboundOrderTbl', 'SupplierId', '');
INSERT INTO `relevance` VALUES ('736e90f7-3747-472e-816d-dbb7fdf3b0bb', '', 'RoleOrg', 0, '2018-09-12 00:08:42', '', '09ee2ffa-7463-4938-ae0b-1cb4e80c7c13', '08f41bf6-4388-4b1e-bd3e-2ff538b44b1b', NULL, NULL);
INSERT INTO `relevance` VALUES ('744da0ee-6c57-4bfc-9937-5ab799112996', '', 'RoleModule', 0, '2020-03-19 00:16:55', '', '09ee2ffa-7463-4938-ae0b-1cb4e80c7c13', '7bc7e527-478d-49fd-868d-5f31951586f5', '', '');
INSERT INTO `relevance` VALUES ('7475b0c3-f204-4f95-a22f-80591fe76bc7', '', 'ProcessUser', 0, '2016-10-31 11:52:39', '0', 'b8bcdf59-1e29-4d97-a364-12ac8e8c5c61', '3b64b643-cb9a-4654-81e4-6dd9b2f8a6f7', NULL, NULL);
INSERT INTO `relevance` VALUES ('75340ad3-fb80-4646-b1de-ba801688ddc2', '', 'RoleElement', 0, '2016-09-04 23:21:04', '0', 'db309d88-fd21-4b81-a4d9-ae6276a1d813', '5ed1681c-13d2-4c87-8675-a8d95c0b40ae', NULL, NULL);
INSERT INTO `relevance` VALUES ('759c09ce-f93a-4de7-96fc-cffabc1cd1ac', '', 'RoleDataProperty', 0, '2019-11-23 01:05:44', '', '0a7ebd0c-78d6-4fbc-8fbe-6fc25c3a932d', 'Resource', 'AppName', '');
INSERT INTO `relevance` VALUES ('76a5b31b-f855-416c-b7ce-4b9ff1cdb4bc', '', 'RoleDataProperty', 0, '2020-03-19 00:17:02', '', '09ee2ffa-7463-4938-ae0b-1cb4e80c7c13', 'Resource', 'CreateUserName', '');
INSERT INTO `relevance` VALUES ('76e6629f-764f-4761-afd3-c41e0e9e4310', '', 'RoleElement', 0, '2020-03-19 21:23:19', '', '0a7ebd0c-78d6-4fbc-8fbe-6fc25c3a932d', '6c814946-db5c-48bd-84dd-b1c38196ad74', '', '');
INSERT INTO `relevance` VALUES ('77824f78-792b-4661-b7d9-653f6e0a443c', '', 'RoleElement', 0, '2020-03-19 00:16:55', '', '09ee2ffa-7463-4938-ae0b-1cb4e80c7c13', '9c96e485-84a6-45f0-b6a7-f01dab94b0c6', '', '');
INSERT INTO `relevance` VALUES ('77ac794c-9142-443f-b19c-3b9d960c8ba4', '', 'UserOrg', 0, '2019-10-31 21:51:45', '', '6ba79766-faa0-4259-8139-a4a6d35784e0', '86449128-d5ac-44bf-b999-f7735b7458fd', '', '');
INSERT INTO `relevance` VALUES ('77bd93da-2c2b-4ba8-bf05-3a1382811a6a', '', 'RoleModule', 0, '2016-09-02 17:03:39', '0', '211e12c7-e466-496e-8d26-0660a38e24cc', 'e8dc5db6-4fc4-4795-a1cc-681cbcceec91', NULL, NULL);
INSERT INTO `relevance` VALUES ('77d25c9e-4773-4f95-8048-8d59398835f6', '', 'RoleElement', 0, '2020-03-19 00:16:55', '', '09ee2ffa-7463-4938-ae0b-1cb4e80c7c13', '3dc0ec4d-bf86-4bae-9ec0-1d6c2403fb99', '', '');
INSERT INTO `relevance` VALUES ('77eec82a-f713-4584-872c-761fdbcdb456', '', 'UserElement', 0, '2018-04-06 14:50:37', '', '49df1602-f5f3-4d52-afb7-3802da619558', '68484265-7802-4f06-b024-33e8b2f2edcf', NULL, NULL);
INSERT INTO `relevance` VALUES ('77fc08e6-98ae-4d33-b294-bd9fed5b14ed', '', 'UserElement', 0, '2018-04-06 14:50:36', '', '49df1602-f5f3-4d52-afb7-3802da619558', '816b12b3-e916-446d-a2fa-329cfd13c831', NULL, NULL);
INSERT INTO `relevance` VALUES ('797c6e5f-7f3c-4891-89b9-a054e10f6c00', '', 'UserModule', 0, '2018-04-06 09:48:01', '', '49df1602-f5f3-4d52-afb7-3802da619558', '37bb9414-19a0-4223-9056-71f8c758a930', NULL, NULL);
INSERT INTO `relevance` VALUES ('7a22ccfc-5f4a-472b-850b-61b9552d7e67', '', 'UserRole', 0, '2019-11-23 00:48:10', '', '229f3a49-ab27-49ce-b383-9f10ca23a9d5', 'd27ae3cf-135f-4d57-93a6-2120ddf98650', '', '');
INSERT INTO `relevance` VALUES ('7ab6db05-1098-4134-b228-3329792dc6db', '', 'RoleDataProperty', 0, '2019-11-23 00:51:40', '', 'd27ae3cf-135f-4d57-93a6-2120ddf98650', 'Resource', 'UpdateUserName', '');
INSERT INTO `relevance` VALUES ('7b177a26-efdd-406b-8873-24f6565b121f', '', 'RoleElement', 0, '2020-03-19 00:16:55', '', '09ee2ffa-7463-4938-ae0b-1cb4e80c7c13', '054e9699-7828-4b8b-a28b-d7ae45ed3306', '', '');
INSERT INTO `relevance` VALUES ('7c0e613e-2e8e-43e2-93af-cf38bfd56dcb', '', 'RoleDataProperty', 0, '2020-03-19 00:17:02', '', '09ee2ffa-7463-4938-ae0b-1cb4e80c7c13', 'WmsInboundOrderTbl', 'StockId', '');
INSERT INTO `relevance` VALUES ('7d929ccc-4185-41d0-a81f-42fc0f27a85c', '', 'RoleModule', 0, '2020-03-19 21:23:19', '', '0a7ebd0c-78d6-4fbc-8fbe-6fc25c3a932d', '15a3a401-e8eb-4d8b-9035-ecd5f53ed0c9', '', '');
INSERT INTO `relevance` VALUES ('7d995d7b-5967-4bd0-a601-180925fe4a77', '', 'RoleModule', 0, '2020-03-19 00:16:55', '', '09ee2ffa-7463-4938-ae0b-1cb4e80c7c13', '7580672f-a390-4bb6-982d-9a4570cb5199', '', '');
INSERT INTO `relevance` VALUES ('7dcc9577-f27b-429f-8552-d223d4b48617', '', 'UserRole', 0, '2019-10-31 21:59:41', '', '6ba79766-faa0-4259-8139-a4a6d35784e0', '0a7ebd0c-78d6-4fbc-8fbe-6fc25c3a932d', '', '');
INSERT INTO `relevance` VALUES ('7e54557a-5f1d-494c-90c1-509525dd5c08', '', 'RoleModule', 0, '2020-03-19 00:16:55', '', '09ee2ffa-7463-4938-ae0b-1cb4e80c7c13', '9486ff22-b696-4d7f-8093-8a3e53c45453', '', '');
INSERT INTO `relevance` VALUES ('7e8ce905-fa6e-490d-9d33-bde6b6529804', '', 'RoleDataProperty', 0, '2019-11-23 00:19:30', '', '0a7ebd0c-78d6-4fbc-8fbe-6fc25c3a932d', 'Category', 'Description', '');
INSERT INTO `relevance` VALUES ('7f25286f-246b-4143-98eb-c3e574fe7455', '', 'ProcessUser', 0, '2016-09-07 17:33:39', '0', '52cc7933-a045-4dcc-8c17-1b618bfa772b', '3a95e392-07d4-4af3-b30d-140ca93340f5', NULL, NULL);
INSERT INTO `relevance` VALUES ('7faeac11-cf1f-40aa-a6ad-2c7768106b9a', '', 'RoleElement', 0, '2020-03-19 00:16:55', '', '09ee2ffa-7463-4938-ae0b-1cb4e80c7c13', '4f2737db-633f-4946-8a71-b08b9885f151', '', '');
INSERT INTO `relevance` VALUES ('7fd7f976-f10e-44aa-a7ba-7ca40d2e8f90', '', 'RoleOrg', 0, '2016-10-17 10:03:30', '0', 'db309d88-fd21-4b81-a4d9-ae6276a1d813', '08f41bf6-4388-4b1e-bd3e-2ff538b44b1b', NULL, NULL);
INSERT INTO `relevance` VALUES ('80310629-5e52-482c-9a0f-5c5bdfabcd9e', '', 'RoleOrg', 0, '2016-09-05 00:00:00', '0', '4980a85b-e3db-4607-bc2c-0baf0140d7df', '990cb229-cc18-41f3-8e2b-13f0f0110798', NULL, NULL);
INSERT INTO `relevance` VALUES ('832f4a8f-7791-4aa6-bcd2-20dcb6f5ef37', '', 'UserElement', 0, '2016-09-02 14:53:04', '0', '3a95e392-07d4-4af3-b30d-140ca93340f5', '15a4f88c-4fae-4cab-ba2f-0cbd2cca8736', NULL, NULL);
INSERT INTO `relevance` VALUES ('838cf979-4e73-47f8-8dca-8b70074fec06', '', 'RoleModule', 0, '2020-07-31 01:00:02', '', '0a7ebd0c-78d6-4fbc-8fbe-6fc25c3a932d', '4e5ca0d8-3b54-467b-8cf8-7516890aafae', '', '');
INSERT INTO `relevance` VALUES ('84a52091-08a0-4a46-b661-3cd206771c29', '', 'RoleModule', 0, '2016-09-04 23:20:34', '0', 'db309d88-fd21-4b81-a4d9-ae6276a1d813', '0031262c-689c-4b96-bae2-2c9d67076ade', NULL, NULL);
INSERT INTO `relevance` VALUES ('854e0658-ab8a-4869-b157-9941955acdc6', '', 'RoleElement', 0, '2016-09-04 23:21:09', '0', 'db309d88-fd21-4b81-a4d9-ae6276a1d813', '1a473afd-cbd4-41e9-9471-81f9435aaabe', NULL, NULL);
INSERT INTO `relevance` VALUES ('85b5f9e0-a4d2-4224-9488-c0fb98149f0b', '', 'RoleElement', 0, '2020-03-19 00:16:55', '', '09ee2ffa-7463-4938-ae0b-1cb4e80c7c13', 'c3d7b478-21e9-4c1e-b866-a3c80be7909b', '', '');
INSERT INTO `relevance` VALUES ('88a4c966-d042-4a2e-b133-ff7eded1c5de', '', 'RoleElement', 0, '2016-09-04 23:21:13', '0', 'db309d88-fd21-4b81-a4d9-ae6276a1d813', '7b2b1ffb-398b-4f7b-83da-8f484e1bcea0', NULL, NULL);
INSERT INTO `relevance` VALUES ('89ea1898-7649-4c3d-ae68-ace9bd9a316b', '', 'RoleModule', 0, '2020-03-19 00:16:55', '', '09ee2ffa-7463-4938-ae0b-1cb4e80c7c13', 'a94d5648-c2a9-405e-ba6f-f1602ec9b807', '', '');
INSERT INTO `relevance` VALUES ('8adae84f-6516-4d87-a476-353bc48ae597', '', 'RoleDataProperty', 0, '2020-03-19 00:17:02', '', '09ee2ffa-7463-4938-ae0b-1cb4e80c7c13', 'Category', 'Description', '');
INSERT INTO `relevance` VALUES ('8af3581e-257f-4655-bac2-5b5afb85ef88', '', 'UserOrg', 0, '2019-10-31 21:59:08', '', '758a34c7-5a31-438c-bdf7-02fdd846b901', 'b2083488-64e5-44cc-b8f4-929ffa6f2f72', '', '');
INSERT INTO `relevance` VALUES ('8b633f3c-965b-4e35-8496-c364890d7760', '', 'RoleElement', 0, '2016-09-04 23:21:09', '0', 'db309d88-fd21-4b81-a4d9-ae6276a1d813', 'c3d7b478-21e9-4c1e-b866-a3c80be7909b', NULL, NULL);
INSERT INTO `relevance` VALUES ('8c93cb3c-b535-4ab1-af9e-b3ad50847423', '', 'RoleDataProperty', 0, '2019-11-23 00:51:40', '', 'd27ae3cf-135f-4d57-93a6-2120ddf98650', 'Resource', 'Id', '');
INSERT INTO `relevance` VALUES ('8ce7b972-d44e-4fd2-8434-65b8864ff99a', '', 'RoleElement', 0, '2020-12-20 00:15:40', '', '09ee2ffa-7463-4938-ae0b-1cb4e80c7c13', 'd4257fa0-01d2-4e51-ad49-68c2b2231e3a', '', '');
INSERT INTO `relevance` VALUES ('8f741d9e-e7f5-4b73-95f4-4b55e0cf6605', '', 'RoleDataProperty', 0, '2020-03-19 00:17:02', '', '09ee2ffa-7463-4938-ae0b-1cb4e80c7c13', 'WmsInboundOrderTbl', 'UpdateUserId', '');
INSERT INTO `relevance` VALUES ('8fa4a52f-9c0a-43c9-9b7e-b378efb4e1df', '', 'RoleResource', 0, '2018-09-10 12:54:14', '', '0a7ebd0c-78d6-4fbc-8fbe-6fc25c3a932d', 'OPENAUTH_LOGIN', NULL, NULL);
INSERT INTO `relevance` VALUES ('90f19c4e-609f-4dc6-84f7-8b936be05568', '', 'RoleDataProperty', 0, '2020-03-19 00:17:02', '', '09ee2ffa-7463-4938-ae0b-1cb4e80c7c13', 'Category', 'Name', '');
INSERT INTO `relevance` VALUES ('928e8ddd-b990-471e-983d-f2dac77428d7', '', 'RoleElement', 0, '2020-03-19 21:23:19', '', '0a7ebd0c-78d6-4fbc-8fbe-6fc25c3a932d', '68484265-7802-4f06-b024-33e8b2f2edcf', '', '');
INSERT INTO `relevance` VALUES ('92b2d699-9875-4978-af79-24c83ff4e212', '', 'UserOrg', 0, '2019-10-31 21:58:43', '', '96f63f9d-e8c8-4258-963e-3327ed7d6f56', 'df442c27-68a0-428e-a309-cba23a994a9d', '', '');
INSERT INTO `relevance` VALUES ('92f0b297-96c1-47d4-84dd-571374431bc0', '', 'RoleElement', 0, '2016-09-04 23:21:04', '0', 'db309d88-fd21-4b81-a4d9-ae6276a1d813', '84694ea5-d6e1-4a65-8a59-7b5b779688d4', NULL, NULL);
INSERT INTO `relevance` VALUES ('93bcac7a-0ff1-488c-8d1c-3da7e44cbefc', '', 'RoleElement', 0, '2016-09-04 23:21:00', '0', 'db309d88-fd21-4b81-a4d9-ae6276a1d813', 'd1ba6a72-ba14-44c0-baba-46d0ad96fe8a', NULL, NULL);
INSERT INTO `relevance` VALUES ('960224e6-5910-472b-a5ef-b2aa9a8b106f', '', 'UserRole', 0, '2016-09-06 17:06:15', '0', '3b64b643-cb9a-4654-81e4-6dd9b2f8a6f7', 'db309d88-fd21-4b81-a4d9-ae6276a1d813', NULL, NULL);
INSERT INTO `relevance` VALUES ('962b278b-0894-4b36-b1a0-6c5c3d11d4c3', '', 'UserElement', 0, '2018-04-06 14:50:17', '', '49df1602-f5f3-4d52-afb7-3802da619558', 'b3e23ebc-0ff2-41b3-bff0-fd5e93f6828a', NULL, NULL);
INSERT INTO `relevance` VALUES ('965f010b-2fd6-4b34-ba23-3e44c1af2877', '', 'RoleOrg', 0, '2016-09-08 16:19:18', '0', '36094f5d-07e7-40d5-91dc-ff60f98b496a', '990cb229-cc18-41f3-8e2b-13f0f0110798', NULL, NULL);
INSERT INTO `relevance` VALUES ('98136fef-6d02-4823-bc12-6e5e619e1275', '', 'UserRole', 0, '2019-10-31 21:59:25', '', '758a34c7-5a31-438c-bdf7-02fdd846b901', '77e6d0c3-f9e1-4933-92c3-c1c6eef75593', '', '');
INSERT INTO `relevance` VALUES ('9a6850d8-fc90-45fe-ab34-cfe0aa1b80ee', '', 'RoleElement', 0, '2020-03-19 00:16:55', '', '09ee2ffa-7463-4938-ae0b-1cb4e80c7c13', '79dcd3eb-3aaf-4e08-83c9-713d8ff446fe', '', '');
INSERT INTO `relevance` VALUES ('9a7648a6-12ac-4473-82ec-c2c845d9047e', '', 'RoleElement', 0, '2019-11-06 10:31:03', '', '3e761e88-ddf7-4a62-b219-9a315b4564f2', '054e9699-7828-4b8b-a28b-d7ae45ed3306', '', '');
INSERT INTO `relevance` VALUES ('9ad706e3-8e6b-4bc7-a502-371b298ef062', '', 'RoleElement', 0, '2016-09-04 23:21:13', '0', 'db309d88-fd21-4b81-a4d9-ae6276a1d813', 'ef42721f-d223-4a00-a1d9-80b81121f21a', NULL, NULL);
INSERT INTO `relevance` VALUES ('9ba32bd8-4406-43bf-aac5-0bb0dbd6d228', '', 'RoleElement', 0, '2020-03-19 00:16:55', '', '09ee2ffa-7463-4938-ae0b-1cb4e80c7c13', 'c35d8f5b-0d38-4f31-84f9-39e476eeab08', '', '');
INSERT INTO `relevance` VALUES ('9bff1b59-f0fd-41db-9c55-e3275eccfc88', '', 'RoleDataProperty', 0, '2020-03-19 00:17:02', '', '09ee2ffa-7463-4938-ae0b-1cb4e80c7c13', 'Resource', 'Description', '');
INSERT INTO `relevance` VALUES ('9d568d6d-d78d-47d6-8fb6-b1327cdbe83a', '', 'RoleModule', 0, '2016-09-04 23:20:34', '0', 'db309d88-fd21-4b81-a4d9-ae6276a1d813', 'a94d5648-c2a9-405e-ba6f-f1602ec9b807', NULL, NULL);
INSERT INTO `relevance` VALUES ('9ded6370-099c-4691-aecd-1ee09542c9d5', '', 'RoleDataProperty', 0, '2020-03-19 00:17:02', '', '09ee2ffa-7463-4938-ae0b-1cb4e80c7c13', 'Resource', 'Disable', '');
INSERT INTO `relevance` VALUES ('9e46a946-6e81-4f61-bcba-21e4f7fac3df', '', 'RoleModule', 0, '2016-09-02 17:03:39', '0', '211e12c7-e466-496e-8d26-0660a38e24cc', 'ef386d5d-cd58-43c0-a4ab-80afd0dbcd6c', NULL, NULL);
INSERT INTO `relevance` VALUES ('9e57e1ff-e9cf-4600-a872-ac85f7845bb0', '', 'RoleOrg', 0, '2018-04-14 13:16:45', '', '77e6d0c3-f9e1-4933-92c3-c1c6eef75593', 'c36e43df-3a99-45da-80d9-3ac5d24f4014', NULL, NULL);
INSERT INTO `relevance` VALUES ('9edc7b81-2b51-4193-8805-6062e596ccdc', '', 'UserOrg', 0, '2016-09-02 13:57:32', '0', 'ea25646b-964b-4d41-ab03-d8964e1494fb', '08f41bf6-4388-4b1e-bd3e-2ff538b44b1b', NULL, NULL);
INSERT INTO `relevance` VALUES ('9f233499-3608-48ed-852d-685f761a095a', '', 'RoleElement', 0, '2020-12-20 00:15:40', '', 'd27ae3cf-135f-4d57-93a6-2120ddf98650', 'f516888d-fdce-4420-a630-d0830c1c6cbc', '', '');
INSERT INTO `relevance` VALUES ('9fa50449-5d87-4579-9f1f-9cdcd876976b', '', 'RoleElement', 0, '2016-09-04 23:21:00', '0', 'db309d88-fd21-4b81-a4d9-ae6276a1d813', '6839a297-350b-4215-b680-4e5dfdae5615', NULL, NULL);
INSERT INTO `relevance` VALUES ('a051aa08-38da-4b6d-8d90-10b3c2485e4b', '', 'RoleOrg', 0, '2016-09-05 00:00:00', '0', '4980a85b-e3db-4607-bc2c-0baf0140d7df', '543a9fcf-4770-4fd9-865f-030e562be238', NULL, NULL);
INSERT INTO `relevance` VALUES ('a06fe8c6-3f5e-4085-9bbf-e366571a356c', '', 'RoleElement', 0, '2016-09-04 23:21:04', '0', 'db309d88-fd21-4b81-a4d9-ae6276a1d813', 'daddf3b9-71b5-45ac-b85d-5a11c522f2f4', NULL, NULL);
INSERT INTO `relevance` VALUES ('a0904102-e26a-4bc5-9c95-ed5ef977586b', '', 'RoleModule', 0, '2016-09-02 17:03:39', '0', '211e12c7-e466-496e-8d26-0660a38e24cc', '6a9e1346-0c01-44d2-8eb1-f929fdab542a', NULL, NULL);
INSERT INTO `relevance` VALUES ('a314a714-95f0-46e2-8341-5a29b9b4f321', '', 'RoleDataProperty', 0, '2020-03-19 00:17:02', '', '09ee2ffa-7463-4938-ae0b-1cb4e80c7c13', 'WmsInboundOrderTbl', 'ShipperId', '');
INSERT INTO `relevance` VALUES ('a3876834-411d-4228-b7ba-230c29b76295', '', 'RoleElement', 0, '2020-03-19 00:16:55', '', '09ee2ffa-7463-4938-ae0b-1cb4e80c7c13', 'd352c8ee-3dff-4d28-a0de-903ae68f2533', '', '');
INSERT INTO `relevance` VALUES ('a3c0d154-4bcc-47a4-9c0e-c0a406686167', '', 'RoleElement', 0, '2020-03-19 21:23:19', '', '0a7ebd0c-78d6-4fbc-8fbe-6fc25c3a932d', '9e2c6754-f258-4b14-96a0-b9d981196a65', '', '');
INSERT INTO `relevance` VALUES ('a5bef7bf-ecdb-4480-ad64-b39a02269607', '', 'UserModule', 0, '2018-04-06 09:48:37', '', '49df1602-f5f3-4d52-afb7-3802da619558', '069475e3-c997-487a-9f29-e6a864c5c1d4', NULL, NULL);
INSERT INTO `relevance` VALUES ('a64f23e9-43a5-43a2-acb2-7eda7d342809', '', 'RoleElement', 0, '2020-12-20 00:15:40', '', '09ee2ffa-7463-4938-ae0b-1cb4e80c7c13', '66c11d4c-22c9-4bed-adb4-49a19f312c84', '', '');
INSERT INTO `relevance` VALUES ('a6c7d18e-129f-4922-94bd-8306d1004480', '', 'RoleDataProperty', 0, '2020-03-19 00:17:02', '', '09ee2ffa-7463-4938-ae0b-1cb4e80c7c13', 'WmsInboundOrderTbl', 'Enable', '');
INSERT INTO `relevance` VALUES ('a8094b46-de5a-40ea-a8ee-69ea905480ef', '', 'RoleModule', 0, '2016-09-05 09:21:56', '0', '4980a85b-e3db-4607-bc2c-0baf0140d7df', '069475e3-c997-487a-9f29-e6a864c5c1d4', NULL, NULL);
INSERT INTO `relevance` VALUES ('a8123b37-ba70-4aab-aef6-1938733b5210', '', 'RoleElement', 0, '2016-09-04 23:20:42', '0', 'db309d88-fd21-4b81-a4d9-ae6276a1d813', 'c0d8505c-061a-467d-862a-c94f27caa208', NULL, NULL);
INSERT INTO `relevance` VALUES ('a84c4bee-4bf6-4dd7-a0a4-3da64d366535', '', 'RoleDataProperty', 0, '2020-03-19 00:17:02', '', '09ee2ffa-7463-4938-ae0b-1cb4e80c7c13', 'WmsInboundOrderTbl', 'Remark', '');
INSERT INTO `relevance` VALUES ('a8aa0e28-5859-4055-9bf7-4a931d09e336', '', 'RoleElement', 0, '2020-12-20 00:15:40', '', '09ee2ffa-7463-4938-ae0b-1cb4e80c7c13', 'f516888d-fdce-4420-a630-d0830c1c6cbc', '', '');
INSERT INTO `relevance` VALUES ('a9821db0-49bd-49be-a554-afa811c99760', '', 'RoleResource', 0, '2016-09-04 23:20:22', '0', 'db309d88-fd21-4b81-a4d9-ae6276a1d813', 'ec99f670-0eca-465c-9f64-d4d5dc510b83', NULL, NULL);
INSERT INTO `relevance` VALUES ('aa051096-a23a-431d-9053-bb954f9453a7', '', 'RoleElement', 0, '2016-09-04 23:20:54', '0', 'db309d88-fd21-4b81-a4d9-ae6276a1d813', '4bfa8ea0-6b0d-426f-8687-b654575ca780', NULL, NULL);
INSERT INTO `relevance` VALUES ('aac9206e-a77b-421c-9c85-5f202fddeb31', '', 'RoleDataProperty', 0, '2020-03-19 00:17:02', '', '09ee2ffa-7463-4938-ae0b-1cb4e80c7c13', 'WmsInboundOrderTbl', 'TransferType', '');
INSERT INTO `relevance` VALUES ('ab84b111-fb5d-4ddd-99d5-479954d9d521', '', 'RoleOrg', 0, '2016-09-08 16:19:18', '0', '36094f5d-07e7-40d5-91dc-ff60f98b496a', '08f41bf6-4388-4b1e-bd3e-2ff538b44b1b', NULL, NULL);
INSERT INTO `relevance` VALUES ('ab924ba7-8a74-4804-82b0-ecbbedf4c13e', '', 'RoleElement', 0, '2016-09-05 09:22:11', '0', '4980a85b-e3db-4607-bc2c-0baf0140d7df', '38109ca0-32ec-44bd-a243-017e591b532b', NULL, NULL);
INSERT INTO `relevance` VALUES ('ac184827-9899-4b40-8939-61fe9d2b187c', '', 'UserElement', 0, '2016-09-07 17:48:49', '0', '3a95e392-07d4-4af3-b30d-140ca93340f5', '584c7a3b-d28a-47b4-8648-7797d05d83d1', NULL, NULL);
INSERT INTO `relevance` VALUES ('acb4d37f-8b45-4a99-b364-99f3881dfcda', '', 'RoleElement', 0, '2016-09-04 23:21:13', '0', 'db309d88-fd21-4b81-a4d9-ae6276a1d813', 'f8dde22a-2a37-47c4-8e67-70fb3af5303e', NULL, NULL);
INSERT INTO `relevance` VALUES ('acc51898-5335-4903-83b9-4701a782bc4d', '', 'UserElement', 0, '2016-10-20 17:01:02', '0', '3a95e392-07d4-4af3-b30d-140ca93340f5', 'fa816af1-a28d-47b5-9b8b-c46e18f902e9', NULL, NULL);
INSERT INTO `relevance` VALUES ('ad267296-5eba-4d59-b821-8148d8cfb3c6', '', 'RoleModule', 0, '2016-09-04 23:20:34', '0', 'db309d88-fd21-4b81-a4d9-ae6276a1d813', 'e8dc5db6-4fc4-4795-a1cc-681cbcceec91', NULL, NULL);
INSERT INTO `relevance` VALUES ('ad29467e-eeee-494c-ab82-f6be5d2619d5', '', 'RoleElement', 0, '2016-09-04 23:21:00', '0', 'db309d88-fd21-4b81-a4d9-ae6276a1d813', '50c9df24-b233-42cb-9a0d-4ce158c75f86', NULL, NULL);
INSERT INTO `relevance` VALUES ('ad30e13e-6b75-48f9-97e3-c723d3e36a28', '', 'RoleResource', 0, '2018-09-12 00:15:54', '', '09ee2ffa-7463-4938-ae0b-1cb4e80c7c13', 'OPENAUTH_MODIFYACCOUNT', NULL, NULL);
INSERT INTO `relevance` VALUES ('ad5bc7a6-e307-4fa8-a4ef-ce9e09f7e21b', '', 'RoleModule', 0, '2016-09-05 09:21:56', '0', '4980a85b-e3db-4607-bc2c-0baf0140d7df', '9486ff22-b696-4d7f-8093-8a3e53c45453', NULL, NULL);
INSERT INTO `relevance` VALUES ('ad905aa6-d3d8-4fe9-99b4-5f8be7891d1e', '', 'RoleResource', 0, '2018-09-12 00:15:54', '', '09ee2ffa-7463-4938-ae0b-1cb4e80c7c13', 'XXX_ADMIN', NULL, NULL);
INSERT INTO `relevance` VALUES ('ae131c5a-084b-4932-9215-cf0f739ee969', '', 'RoleDataProperty', 0, '2019-11-23 01:05:44', '', '0a7ebd0c-78d6-4fbc-8fbe-6fc25c3a932d', 'WmsInboundOrderTbl', 'GoodsType', '');
INSERT INTO `relevance` VALUES ('ae619801-1959-44fd-a75b-a8cca4d559b4', '', 'RoleOrg', 0, '2018-09-12 00:08:37', '', '0a7ebd0c-78d6-4fbc-8fbe-6fc25c3a932d', '543a9fcf-4770-4fd9-865f-030e562be238', NULL, NULL);
INSERT INTO `relevance` VALUES ('ae95e6e1-ae92-4c2e-b8d8-c32031f35805', '', 'RoleElement', 0, '2020-03-19 21:23:19', '', '0a7ebd0c-78d6-4fbc-8fbe-6fc25c3a932d', '79dcd3eb-3aaf-4e08-83c9-713d8ff446fe', '', '');
INSERT INTO `relevance` VALUES ('af263192-daa8-4f29-99b9-1efb96e31627', '', 'RoleElement', 0, '2016-09-04 23:20:42', '0', 'db309d88-fd21-4b81-a4d9-ae6276a1d813', '645b40ac-4223-44a7-aab4-66eb56cf9864', NULL, NULL);
INSERT INTO `relevance` VALUES ('af47386e-142b-4afc-a42a-1ff138ac377c', '', 'RoleDataProperty', 0, '2020-03-19 00:17:02', '', '09ee2ffa-7463-4938-ae0b-1cb4e80c7c13', 'WmsInboundOrderTbl', 'CreateUserName', '');
INSERT INTO `relevance` VALUES ('b0174f58-3f6c-431a-8bd8-0caba54fd848', '', 'RoleElement', 0, '2019-11-06 10:31:03', '', '77e6d0c3-f9e1-4933-92c3-c1c6eef75593', '054e9699-7828-4b8b-a28b-d7ae45ed3306', '', '');
INSERT INTO `relevance` VALUES ('b08d7763-a725-406f-a7d5-d144f00d716e', '', 'UserOrg', 0, '2016-09-02 13:56:41', '0', '3a95e392-07d4-4af3-b30d-140ca93340f5', '543a9fcf-4770-4fd9-865f-030e562be238', NULL, NULL);
INSERT INTO `relevance` VALUES ('b241dd3d-2965-44e4-929d-9dacb6444e09', '', 'RoleOrg', 0, '2018-04-14 13:16:45', '', '77e6d0c3-f9e1-4933-92c3-c1c6eef75593', '543a9fcf-4770-4fd9-865f-030e562be238', NULL, NULL);
INSERT INTO `relevance` VALUES ('b246cd89-548c-4471-a43b-6f10b40c26b1', '', 'RoleOrg', 0, '2018-09-12 00:08:42', '', '09ee2ffa-7463-4938-ae0b-1cb4e80c7c13', '990cb229-cc18-41f3-8e2b-13f0f0110798', NULL, NULL);
INSERT INTO `relevance` VALUES ('b2490ac0-ba16-48a2-b39d-49f6b87f9387', '', 'UserModule', 0, '2018-04-06 09:48:17', '', '6ba79766-faa0-4259-8139-a4a6d35784e0', '069475e3-c997-487a-9f29-e6a864c5c1d4', NULL, NULL);
INSERT INTO `relevance` VALUES ('b2edfee4-f980-4aa5-b547-492d677e0674', '', 'RoleModule', 0, '2016-09-04 23:20:34', '0', 'db309d88-fd21-4b81-a4d9-ae6276a1d813', 'ef386d5d-cd58-43c0-a4ab-80afd0dbcd6c', NULL, NULL);
INSERT INTO `relevance` VALUES ('b2f1a511-26ac-4b5b-bc3a-b7fc52297b41', '', 'RoleDataProperty', 0, '2020-03-19 00:17:02', '', '09ee2ffa-7463-4938-ae0b-1cb4e80c7c13', 'Resource', 'UpdateUserName', '');
INSERT INTO `relevance` VALUES ('b3245529-7cad-4130-bd2d-ac1129deb2f0', '', 'RoleDataProperty', 0, '2019-11-23 01:05:44', '', '0a7ebd0c-78d6-4fbc-8fbe-6fc25c3a932d', 'WmsInboundOrderTbl', 'UpdateTime', '');
INSERT INTO `relevance` VALUES ('b3b8f695-a179-489b-90b4-7814ab048a69', '', 'UserElement', 0, '2018-04-06 09:48:21', '', '6ba79766-faa0-4259-8139-a4a6d35784e0', '816b12b3-e916-446d-a2fa-329cfd13c831', NULL, NULL);
INSERT INTO `relevance` VALUES ('b3cb3391-4ff4-4071-910e-18c46362ab5d', '', 'RoleElement', 0, '2020-03-19 22:31:02', '', 'd27ae3cf-135f-4d57-93a6-2120ddf98650', '18cc3217-28a6-49b2-9a20-080230065984', '', '');
INSERT INTO `relevance` VALUES ('b4c2a294-125c-4768-9214-cea3ccf39a1c', '', 'RoleOrg', 0, '2018-09-12 00:08:42', '', '09ee2ffa-7463-4938-ae0b-1cb4e80c7c13', '543a9fcf-4770-4fd9-865f-030e562be238', NULL, NULL);
INSERT INTO `relevance` VALUES ('b51345b9-325c-4a30-b147-5562c93c3ed3', '', 'RoleElement', 0, '2020-03-19 00:16:55', '', '09ee2ffa-7463-4938-ae0b-1cb4e80c7c13', '816b12b3-e916-446d-a2fa-329cfd13c831', '', '');
INSERT INTO `relevance` VALUES ('b55798b2-6768-4051-8cdc-9da72c73718d', '', 'RoleDataProperty', 0, '2019-11-23 00:51:40', '', 'd27ae3cf-135f-4d57-93a6-2120ddf98650', 'Resource', 'Name', '');
INSERT INTO `relevance` VALUES ('b5c0e181-5f32-4a92-846c-24ff6253b6df', '', 'RoleElement', 0, '2020-03-19 21:23:19', '', '0a7ebd0c-78d6-4fbc-8fbe-6fc25c3a932d', '054e9699-7828-4b8b-a28b-d7ae45ed3306', '', '');
INSERT INTO `relevance` VALUES ('b647148b-21be-42b8-8811-1cb03a6fc349', '', 'RoleDataProperty', 0, '2020-03-19 00:17:02', '', '09ee2ffa-7463-4938-ae0b-1cb4e80c7c13', 'WmsInboundOrderTbl', 'ExternalType', '');
INSERT INTO `relevance` VALUES ('b6712915-5fc8-4271-b651-6b467ec1d8a8', '', 'RoleModule', 0, '2020-03-19 22:31:02', '', 'd27ae3cf-135f-4d57-93a6-2120ddf98650', '0031262c-689c-4b96-bae2-2c9d67076ade', '', '');
INSERT INTO `relevance` VALUES ('b672a830-c3a5-408b-a746-65608534b24c', '', 'UserModule', 0, '2017-12-15 17:07:05', '', '49df1602-f5f3-4d52-afb7-3802da619558', '9486ff22-b696-4d7f-8093-8a3e53c45453', NULL, NULL);
INSERT INTO `relevance` VALUES ('b918e504-ba39-4be7-8452-76cef09191d3', '', 'RoleElement', 0, '2020-03-19 00:16:55', '', '09ee2ffa-7463-4938-ae0b-1cb4e80c7c13', '826b12b3-e916-446d-a2fa-329cfd13c831', '', '');
INSERT INTO `relevance` VALUES ('b9e63d17-35c8-4456-abab-8f43a1c99adc', '', 'UserModule', 0, '2018-04-06 09:47:59', '', '49df1602-f5f3-4d52-afb7-3802da619558', '4abafc83-c8f5-452f-9882-e113a86e7a3e', NULL, NULL);
INSERT INTO `relevance` VALUES ('ba5f4663-04e1-4b09-8e84-459507df2aeb', '', 'UserOrg', 0, '2019-10-31 21:50:51', '', '1df68dfd-3b6d-4491-872f-00a0fc6c5a64', '08f41bf6-4388-4b1e-bd3e-2ff538b44b1b', '', '');
INSERT INTO `relevance` VALUES ('bbca349a-5d29-4cce-9f7e-0d5d4ce65a54', '', 'RoleDataProperty', 0, '2020-03-19 00:17:02', '', '09ee2ffa-7463-4938-ae0b-1cb4e80c7c13', 'WmsInboundOrderTbl', 'OwnerId', '');
INSERT INTO `relevance` VALUES ('bbdc3ea9-3f21-48b0-9d7a-39545d6183d0', '', 'UserElement', 0, '2018-04-06 09:48:25', '', '6ba79766-faa0-4259-8139-a4a6d35784e0', '826b12b3-e916-446d-a2fa-329cfd13c831', NULL, NULL);
INSERT INTO `relevance` VALUES ('bc39df48-cbcf-4757-af8c-b023ad195721', '', 'RoleElement', 0, '2020-03-19 21:23:19', '', '0a7ebd0c-78d6-4fbc-8fbe-6fc25c3a932d', '816b12b3-e916-446d-a2fa-329cfd13c831', '', '');
INSERT INTO `relevance` VALUES ('bc63b763-cdb8-4516-a3c4-fabe74d7dc56', '', 'RoleDataProperty', 0, '2019-11-23 00:19:30', '', '0a7ebd0c-78d6-4fbc-8fbe-6fc25c3a932d', 'Category', 'DtValue', '');
INSERT INTO `relevance` VALUES ('bd783f53-23fa-41f4-8cec-7c61fab52072', '', 'UserOrg', 0, '2018-03-15 09:19:06', '', '0ceff0f8-f848-440c-bc26-d8605ac858cd', '86449128-d5ac-44bf-b999-f7735b7458fd', NULL, NULL);
INSERT INTO `relevance` VALUES ('bda5f089-64d6-4fb8-9012-d7f3ff36902a', '', 'UserOrg', 0, '2017-10-12 13:59:09', '', 'ffd92ed2-5330-4ec2-a42d-6e0e9005db3b', '990cb229-cc18-41f3-8e2b-13f0f0110798', NULL, NULL);
INSERT INTO `relevance` VALUES ('be17df2b-a4bb-4080-9d3f-465875a0bd52', '', 'RoleModule', 0, '2020-03-19 21:23:19', '', '0a7ebd0c-78d6-4fbc-8fbe-6fc25c3a932d', '9486ff22-b696-4d7f-8093-8a3e53c45453', '', '');
INSERT INTO `relevance` VALUES ('bee6572d-8fb8-4e0e-af15-93aafc989717', '', 'RoleElement', 0, '2016-09-04 23:20:42', '0', 'db309d88-fd21-4b81-a4d9-ae6276a1d813', '68fc793f-069f-43e1-a012-42ac2d7c585c', NULL, NULL);
INSERT INTO `relevance` VALUES ('bef744ab-2323-4552-9a09-f529911f8c59', '', 'UserOrg', 0, '2019-10-31 21:58:43', '', '96f63f9d-e8c8-4258-963e-3327ed7d6f56', '60620558-89a2-4b28-8637-52f514773725', '', '');
INSERT INTO `relevance` VALUES ('bfe7d15c-9b35-4735-b9a6-38ee8869b5ec', '', 'RoleDataProperty', 0, '2019-11-23 01:05:44', '', '0a7ebd0c-78d6-4fbc-8fbe-6fc25c3a932d', 'WmsInboundOrderTbl', 'CreateUserId', '');
INSERT INTO `relevance` VALUES ('c14addeb-1812-4a78-9152-1f7115b22d89', '', 'UserRole', 0, '2016-09-05 00:00:47', '0', '3a95e392-07d4-4af3-b30d-140ca93340f5', 'db309d88-fd21-4b81-a4d9-ae6276a1d813', NULL, NULL);
INSERT INTO `relevance` VALUES ('c16e961d-e3b9-4b89-8cd4-de6fd23e4709', '', 'RoleDataProperty', 0, '2019-11-23 01:05:44', '', '0a7ebd0c-78d6-4fbc-8fbe-6fc25c3a932d', 'WmsInboundOrderTbl', 'Status', '');
INSERT INTO `relevance` VALUES ('c25f0741-47bc-48a5-801c-902de87b7ab6', '', 'RoleDataProperty', 0, '2019-11-23 01:05:44', '', '0a7ebd0c-78d6-4fbc-8fbe-6fc25c3a932d', 'WmsInboundOrderTbl', 'CreateUserName', '');
INSERT INTO `relevance` VALUES ('c2d3b7d6-b47d-4bd8-9dc6-d9134d86713f', '', 'RoleOrg', 0, '2016-10-17 10:03:30', '0', 'db309d88-fd21-4b81-a4d9-ae6276a1d813', '86449128-d5ac-44bf-b999-f7735b7458fd', NULL, NULL);
INSERT INTO `relevance` VALUES ('c3050d65-d26b-4e46-bece-a212b0cc00ec', '', 'RoleElement', 0, '2016-09-04 23:20:42', '0', 'db309d88-fd21-4b81-a4d9-ae6276a1d813', '15a4f88c-4fae-4cab-ba2f-0cbd2cca8736', NULL, NULL);
INSERT INTO `relevance` VALUES ('c3227c77-d60e-4157-9dd3-a8bcdb3af52b', '', 'RoleModule', 0, '2020-03-19 21:23:19', '', '0a7ebd0c-78d6-4fbc-8fbe-6fc25c3a932d', 'e8dc5db6-4fc4-4795-a1cc-681cbcceec91', '', '');
INSERT INTO `relevance` VALUES ('c3ee16c8-14ea-416f-a529-03d9f2b92b68', '', 'RoleModule', 0, '2020-12-20 00:15:40', '', '09ee2ffa-7463-4938-ae0b-1cb4e80c7c13', '45f82f8b-8675-4164-b4fe-417a428b9bfb', '', '');
INSERT INTO `relevance` VALUES ('c4771ac5-3375-4de9-adb8-a603398f0d62', '', 'RoleElement', 0, '2016-09-04 23:21:09', '0', 'db309d88-fd21-4b81-a4d9-ae6276a1d813', '2d595a2a-5de5-479e-a331-b53c799a6b10', NULL, NULL);
INSERT INTO `relevance` VALUES ('c50fae2a-b36f-486f-9d53-e58406590101', '', 'ProcessUser', 0, '2016-10-27 16:47:52', '0', '054ff054-d8ae-4911-a596-8fb1f66b348f', '3b64b643-cb9a-4654-81e4-6dd9b2f8a6f7', NULL, NULL);
INSERT INTO `relevance` VALUES ('c58cb482-6ab7-49eb-b5b0-e45424b6e502', '', 'RoleElement', 0, '2016-09-04 23:21:00', '0', 'db309d88-fd21-4b81-a4d9-ae6276a1d813', '34730f5a-d307-457b-9041-5f7de30abfa9', NULL, NULL);
INSERT INTO `relevance` VALUES ('c661ab3b-f908-4049-bc55-fa402646a20e', '', 'RoleElement', 0, '2020-12-20 00:15:40', '', '0a7ebd0c-78d6-4fbc-8fbe-6fc25c3a932d', 'f516888d-fdce-4420-a630-d0830c1c6cbc', '', '');
INSERT INTO `relevance` VALUES ('c733cfbe-2f71-41e4-92a6-4ff97cf88dc4', '', 'UserModule', 0, '2018-04-06 09:48:19', '', '6ba79766-faa0-4259-8139-a4a6d35784e0', '4abafc83-c8f5-452f-9882-e113a86e7a3e', NULL, NULL);
INSERT INTO `relevance` VALUES ('c9099371-8d4e-4f5b-9686-2c60a2c1c641', '', 'ProcessUser', 0, '2016-09-08 16:48:14', '0', '10cc09fb-d469-41e5-ae3f-fdd805a4bd4c', '3a95e392-07d4-4af3-b30d-140ca93340f5', NULL, NULL);
INSERT INTO `relevance` VALUES ('c98b3d02-a76b-4ecc-94a5-cfeffd5e29fb', '', 'RoleModule', 0, '2016-09-02 17:03:39', '0', '211e12c7-e466-496e-8d26-0660a38e24cc', 'bedb41a2-f310-4775-af99-01be08adda93', NULL, NULL);
INSERT INTO `relevance` VALUES ('cd500e9c-7599-42d5-94d8-0234369efd41', '', 'RoleModule', 0, '2020-03-19 00:16:55', '', '09ee2ffa-7463-4938-ae0b-1cb4e80c7c13', '37bb9414-19a0-4223-9056-71f8c758a930', '', '');
INSERT INTO `relevance` VALUES ('ce7a6891-361e-44a0-b543-e2a7d8ca0fc0', '', 'RoleDataProperty', 0, '2020-03-19 00:17:02', '', '09ee2ffa-7463-4938-ae0b-1cb4e80c7c13', 'WmsInboundOrderTbl', 'GoodsType', '');
INSERT INTO `relevance` VALUES ('d060436e-4eac-4109-a4f2-9e5ffb3f843e', '', 'RoleDataProperty', 0, '2020-03-19 00:17:02', '', '09ee2ffa-7463-4938-ae0b-1cb4e80c7c13', 'WmsInboundOrderTbl', 'PurchaseNo', '');
INSERT INTO `relevance` VALUES ('d1f194c3-3b20-41ee-805b-77c94ee40785', '', 'UserOrg', 0, '2020-03-19 21:20:04', '', '49df1602-f5f3-4d52-afb7-3802da619558', '543a9fcf-4770-4fd9-865f-030e562be238', '', '');
INSERT INTO `relevance` VALUES ('d65f9601-b07e-4c89-8c35-ddc6c3edf3b1', '', 'UserRole', 0, '2019-11-23 00:48:02', '', '1df68dfd-3b6d-4491-872f-00a0fc6c5a64', 'd27ae3cf-135f-4d57-93a6-2120ddf98650', '', '');
INSERT INTO `relevance` VALUES ('d7174602-f83c-4822-a4d7-8303238594ff', '', 'RoleElement', 0, '2020-12-20 00:15:40', '', '0a7ebd0c-78d6-4fbc-8fbe-6fc25c3a932d', '66c11d4c-22c9-4bed-adb4-49a19f312c84', '', '');
INSERT INTO `relevance` VALUES ('d72b9de9-998b-432c-9ccf-d961d386d778', '', 'RoleModule', 0, '2020-03-19 00:16:55', '', '09ee2ffa-7463-4938-ae0b-1cb4e80c7c13', 'b19bce90-5508-43b6-93ed-cd9ff9e356a9', '', '');
INSERT INTO `relevance` VALUES ('d892294d-2a2f-410e-bae9-86be3f6e3674', '', 'RoleDataProperty', 0, '2019-11-23 01:05:44', '', '0a7ebd0c-78d6-4fbc-8fbe-6fc25c3a932d', 'WmsInboundOrderTbl', 'StockId', '');
INSERT INTO `relevance` VALUES ('d967ed9b-a083-4398-954b-ea73edcefa32', '', 'RoleDataProperty', 0, '2020-03-19 00:17:02', '', '09ee2ffa-7463-4938-ae0b-1cb4e80c7c13', 'WmsInboundOrderTbl', 'ExternalNo', '');
INSERT INTO `relevance` VALUES ('da6c0645-0bf9-4ade-9dd3-1b09e91e504c', '', 'RoleElement', 0, '2016-09-05 09:22:07', '0', '4980a85b-e3db-4607-bc2c-0baf0140d7df', '816b12b3-e916-446d-a2fa-329cfd13c831', NULL, NULL);
INSERT INTO `relevance` VALUES ('dbdd5bf2-5910-4644-b087-2f50711840df', '', 'UserRole', 0, '2019-11-23 00:48:35', '', '49df1602-f5f3-4d52-afb7-3802da619558', '09ee2ffa-7463-4938-ae0b-1cb4e80c7c13', '', '');
INSERT INTO `relevance` VALUES ('dc7dd8ef-c8e6-414f-8e97-31774718654c', '', 'RoleDataProperty', 0, '2019-11-23 01:05:44', '', '0a7ebd0c-78d6-4fbc-8fbe-6fc25c3a932d', 'WmsInboundOrderTbl', 'Id', '');
INSERT INTO `relevance` VALUES ('de4205b7-4832-40d4-b6ae-956f7b4997ba', '', 'RoleModule', 0, '2020-03-19 22:31:02', '', 'd27ae3cf-135f-4d57-93a6-2120ddf98650', '7580672f-a390-4bb6-982d-9a4570cb5199', '', '');
INSERT INTO `relevance` VALUES ('df2d90b3-4e2e-40e9-b406-220009726460', '', 'RoleModule', 0, '2016-09-04 23:20:34', '0', 'db309d88-fd21-4b81-a4d9-ae6276a1d813', '6a9e1346-0c01-44d2-8eb1-f929fdab542a', NULL, NULL);
INSERT INTO `relevance` VALUES ('dfd5430b-3422-465a-be79-05a1e06deed2', '', 'RoleElement', 0, '2016-09-04 23:20:54', '0', 'db309d88-fd21-4b81-a4d9-ae6276a1d813', 'c7d7daf0-3669-4a22-8bed-b092617deb9c', NULL, NULL);
INSERT INTO `relevance` VALUES ('e12b77de-b7ce-4f38-b7a3-f3b2d285f33b', '', 'RoleOrg', 0, '2016-10-17 10:03:49', '0', '2eb423d6-6ad9-4efe-b423-872478a2a434', '08f41bf6-4388-4b1e-bd3e-2ff538b44b1b', NULL, NULL);
INSERT INTO `relevance` VALUES ('e28c0dcd-168a-4b60-a514-7b6eb8026709', '', 'RoleOrg', 0, '2016-10-17 10:03:30', '0', 'db309d88-fd21-4b81-a4d9-ae6276a1d813', '990cb229-cc18-41f3-8e2b-13f0f0110798', NULL, NULL);
INSERT INTO `relevance` VALUES ('e38fe438-bdae-4d89-ab9a-d8863fbe16e5', '', 'RoleModule', 0, '2020-12-20 00:15:40', '', '0a7ebd0c-78d6-4fbc-8fbe-6fc25c3a932d', '45f82f8b-8675-4164-b4fe-417a428b9bfb', '', '');
INSERT INTO `relevance` VALUES ('e3b2806b-1c06-4ec3-af9e-0de16ede1096', '', 'RoleElement', 0, '2020-12-20 00:15:40', '', '0a7ebd0c-78d6-4fbc-8fbe-6fc25c3a932d', 'd4257fa0-01d2-4e51-ad49-68c2b2231e3a', '', '');
INSERT INTO `relevance` VALUES ('e4ccd68d-b31b-4d2d-b591-665818a7bd9f', '', 'RoleDataProperty', 0, '2020-03-19 00:17:02', '', '09ee2ffa-7463-4938-ae0b-1cb4e80c7c13', 'Category', 'Id', '');
INSERT INTO `relevance` VALUES ('e50d78ae-004d-4f89-95a2-bd5c6327d16c', '', 'RoleModule', 0, '2020-03-19 21:23:19', '', '0a7ebd0c-78d6-4fbc-8fbe-6fc25c3a932d', '0031262c-689c-4b96-bae2-2c9d67076ade', '', '');
INSERT INTO `relevance` VALUES ('e619a82e-edfb-4542-94df-0b92850667ad', '', 'RoleResource', 0, '2018-04-14 14:39:56', '', '0a7ebd0c-78d6-4fbc-8fbe-6fc25c3a932d', 'OPENAUTH_MODIFYACCOUNT', NULL, NULL);
INSERT INTO `relevance` VALUES ('e6bd480f-592a-46e0-9f83-2adefb12dca0', '', 'RoleElement', 0, '2020-03-19 00:16:55', '', '09ee2ffa-7463-4938-ae0b-1cb4e80c7c13', '8966b04f-8e26-4046-8b03-0c64f9f833dd', '', '');
INSERT INTO `relevance` VALUES ('e785147c-f46b-474f-8fad-73b14fa69822', '', 'UserRole', 0, '2016-09-06 17:06:29', '0', '3a95e392-07d4-4af3-b30d-140ca93340f5', '4980a85b-e3db-4607-bc2c-0baf0140d7df', NULL, NULL);
INSERT INTO `relevance` VALUES ('e84f6b9c-716d-4e94-a1aa-7fd0d1a2e23e', '', 'RoleModule', 0, '2016-09-02 17:03:47', '0', '648b04c4-4ac2-4d69-bef6-07081ef27871', '069475e3-c997-487a-9f29-e6a864c5c1d4', NULL, NULL);
INSERT INTO `relevance` VALUES ('e9cf3d63-6305-46c7-93b4-14053387c62c', '', 'UserModule', 0, '2018-04-06 09:48:18', '', '6ba79766-faa0-4259-8139-a4a6d35784e0', '37bb9414-19a0-4223-9056-71f8c758a930', NULL, NULL);
INSERT INTO `relevance` VALUES ('ec72f6ae-09ee-4db9-99a1-bf15c8e35dda', '', 'ProcessUser', 0, '2016-09-14 11:38:23', '0', '6c6afe3c-349c-4198-8710-cf19c90f3afd', '3a95e392-07d4-4af3-b30d-140ca93340f5', NULL, NULL);
INSERT INTO `relevance` VALUES ('ec9c80ce-dbdf-4ba5-9091-82f75392c3b0', '', 'UserElement', 0, '2016-09-07 15:30:43', '0', '3a95e392-07d4-4af3-b30d-140ca93340f5', '68484265-7802-4f06-b024-33e8b2f2edcf', NULL, NULL);
INSERT INTO `relevance` VALUES ('ee1986a0-24cc-4dec-b5f5-68ef959ab650', '', 'UserElement', 0, '2018-04-06 14:50:40', '', '49df1602-f5f3-4d52-afb7-3802da619558', '79dcd3eb-3aaf-4e08-83c9-713d8ff446fe', NULL, NULL);
INSERT INTO `relevance` VALUES ('ee4f39fd-4fbf-4f68-9a70-d6c7d7db9723', '', 'ProcessUser', 0, '2016-10-31 11:52:39', '0', 'b8bcdf59-1e29-4d97-a364-12ac8e8c5c61', '3a95e392-07d4-4af3-b30d-140ca93340f5', NULL, NULL);
INSERT INTO `relevance` VALUES ('eec41fcb-61c0-4e56-a5c0-a9f8be6e6fdc', '', 'UserModule', 0, '2016-09-07 15:30:06', '0', '3b64b643-cb9a-4654-81e4-6dd9b2f8a6f7', '069475e3-c997-487a-9f29-e6a864c5c1d4', NULL, NULL);
INSERT INTO `relevance` VALUES ('ef43a7a6-4a4c-46fe-82d4-1e1055fdac6d', '', 'RoleElement', 0, '2020-03-19 00:16:55', '', '09ee2ffa-7463-4938-ae0b-1cb4e80c7c13', '17ae4fd4-ab4e-439e-ba1d-2a53b46d112b', '', '');
INSERT INTO `relevance` VALUES ('ef8024e8-dab3-4b85-9952-821a005c1f2b', '', 'RoleDataProperty', 0, '2019-11-23 00:51:40', '', 'd27ae3cf-135f-4d57-93a6-2120ddf98650', 'Resource', 'CascadeId', '');
INSERT INTO `relevance` VALUES ('f012d886-f204-4599-a00d-7b9847cc0bb7', '', 'RoleModule', 0, '2020-03-19 00:16:55', '', '09ee2ffa-7463-4938-ae0b-1cb4e80c7c13', '92b00259-2d15-43e7-9321-adffb29e8bf2', '', '');
INSERT INTO `relevance` VALUES ('f125441c-f28c-4ffa-9183-c8168ab09afb', '', 'RoleDataProperty', 0, '2020-03-19 00:17:02', '', '09ee2ffa-7463-4938-ae0b-1cb4e80c7c13', 'Category', 'TypeId', '');
INSERT INTO `relevance` VALUES ('f25d98ff-46bc-48e7-86a0-5eca5e6d98c2', '', 'RoleDataProperty', 0, '2020-03-19 00:17:02', '', '09ee2ffa-7463-4938-ae0b-1cb4e80c7c13', 'WmsInboundOrderTbl', 'UpdateUserName', '');
INSERT INTO `relevance` VALUES ('f3671c95-a33f-4a11-89dd-00d734d4a230', '', 'RoleModule', 0, '2020-03-19 00:16:55', '', '09ee2ffa-7463-4938-ae0b-1cb4e80c7c13', '15a3a401-e8eb-4d8b-9035-ecd5f53ed0c9', '', '');
INSERT INTO `relevance` VALUES ('f4ba636a-9002-43e6-93eb-95132a3e68c5', '', 'ProcessUser', 0, '2016-09-28 09:23:30', '0', '68295d2a-4dfd-4c5e-81e3-9c787e2603bc', '3a95e392-07d4-4af3-b30d-140ca93340f5', NULL, NULL);
INSERT INTO `relevance` VALUES ('f579a427-a9ed-4ebe-8411-72e8e6abd01d', '', 'UserElement', 0, '2016-09-05 16:25:26', '0', 'ea25646b-964b-4d41-ab03-d8964e1494fb', '816b12b3-e916-446d-a2fa-329cfd13c831', NULL, NULL);
INSERT INTO `relevance` VALUES ('f61ee29b-7988-404d-b692-5a8f667684be', '', 'UserElement', 0, '2018-04-06 09:48:23', '', '6ba79766-faa0-4259-8139-a4a6d35784e0', '68484265-7802-4f06-b024-33e8b2f2edcf', NULL, NULL);
INSERT INTO `relevance` VALUES ('f6367ca1-0486-46a4-b9c6-65c00936a516', '', 'RoleElement', 0, '2016-09-04 23:20:54', '0', 'db309d88-fd21-4b81-a4d9-ae6276a1d813', '9e2c6754-f258-4b14-96a0-b9d981196a65', NULL, NULL);
INSERT INTO `relevance` VALUES ('f671f582-9111-4000-aadd-660449d0d4b0', '', 'RoleResource', 0, '2018-09-12 00:15:54', '', '09ee2ffa-7463-4938-ae0b-1cb4e80c7c13', 'XXX_LOGIN', NULL, NULL);
INSERT INTO `relevance` VALUES ('f714b860-447e-4d22-a206-1b545cc98fbb', '', 'RoleDataProperty', 0, '2020-03-19 00:17:02', '', '09ee2ffa-7463-4938-ae0b-1cb4e80c7c13', 'WmsInboundOrderTbl', 'InBondedArea', '');
INSERT INTO `relevance` VALUES ('f8d157b4-12e3-4488-9e4c-b9670e11b4c6', '', 'RoleDataProperty', 0, '2019-11-23 01:05:44', '', '0a7ebd0c-78d6-4fbc-8fbe-6fc25c3a932d', 'WmsInboundOrderTbl', 'UpdateUserName', '');
INSERT INTO `relevance` VALUES ('f8e65a18-a86a-47b1-be87-c437ba5e5fd9', '', 'RoleDataProperty', 0, '2020-03-19 00:17:02', '', '09ee2ffa-7463-4938-ae0b-1cb4e80c7c13', 'WmsInboundOrderTbl', 'Id', '');
INSERT INTO `relevance` VALUES ('f9463a9a-ad5f-4dc9-819f-6b65b241073e', '', 'RoleModule', 0, '2020-12-20 00:15:40', '', '77e6d0c3-f9e1-4933-92c3-c1c6eef75593', '45f82f8b-8675-4164-b4fe-417a428b9bfb', '', '');
INSERT INTO `relevance` VALUES ('f98fd30f-21c3-450c-9768-5e9e49ede5b2', '', 'RoleModule', 0, '2020-12-20 00:15:40', '', 'd27ae3cf-135f-4d57-93a6-2120ddf98650', '45f82f8b-8675-4164-b4fe-417a428b9bfb', '', '');
INSERT INTO `relevance` VALUES ('fa52d20f-204d-4cdd-a1e5-5b7faaac4cd7', '', 'RoleDataProperty', 0, '2019-11-23 00:51:40', '', 'd27ae3cf-135f-4d57-93a6-2120ddf98650', 'Resource', 'CreateUserName', '');
INSERT INTO `relevance` VALUES ('fa7c4d39-b31a-4668-8716-d40a62aa722b', '', 'UserOrg', 0, '2017-10-12 13:59:49', '', '63c9c82a-e0d3-4bde-bbd2-057cda2f5283', '990cb229-cc18-41f3-8e2b-13f0f0110798', NULL, NULL);
INSERT INTO `relevance` VALUES ('fa955d08-fe15-42d2-ae39-98e22e4f9b50', '', 'RoleDataProperty', 0, '2020-03-19 00:17:02', '', '09ee2ffa-7463-4938-ae0b-1cb4e80c7c13', 'WmsInboundOrderTbl', 'OrderType', '');
INSERT INTO `relevance` VALUES ('fa9ce486-4b1f-4630-bad3-7625744cb8e8', '', 'RoleDataProperty', 0, '2020-03-19 00:17:02', '', '09ee2ffa-7463-4938-ae0b-1cb4e80c7c13', 'Resource', 'CascadeId', '');
INSERT INTO `relevance` VALUES ('faf837f2-8ac3-4269-8a1c-b2af432bf7b5', '', 'RoleElement', 0, '2020-03-19 21:23:19', '', '0a7ebd0c-78d6-4fbc-8fbe-6fc25c3a932d', 'a7eea5dc-3b10-4550-9cf3-0dba9b9fc32c', '', '');
INSERT INTO `relevance` VALUES ('fdc16578-e4eb-474d-8cc8-4188693a7c12', '', 'RoleElement', 0, '2020-03-19 00:16:55', '', '09ee2ffa-7463-4938-ae0b-1cb4e80c7c13', '6c814946-db5c-48bd-84dd-b1c38196ad74', '', '');
INSERT INTO `relevance` VALUES ('feec44e3-3f88-4ac2-a4ad-a5bd3161f1bb', '', 'UserOrg', 0, '2019-10-31 21:59:08', '', '758a34c7-5a31-438c-bdf7-02fdd846b901', '66386671-0494-4e83-8346-fbcf73283f7b', '', '');
INSERT INTO `relevance` VALUES ('fef68b50-ef7f-45a4-8f0e-38e8d8ecaaea', '', 'RoleElement', 0, '2020-03-19 00:16:55', '', '09ee2ffa-7463-4938-ae0b-1cb4e80c7c13', '68484265-7802-4f06-b024-33e8b2f2edcf', '', '');

-- ----------------------------
-- Table structure for resource
-- ----------------------------
DROP TABLE IF EXISTS `resource`;
CREATE TABLE `resource`  (
  `Id` varchar(50) CHARACTER SET utf8 COLLATE utf8_general_ci NOT NULL COMMENT '资源标识',
  `CascadeId` varchar(255) CHARACTER SET utf8 COLLATE utf8_general_ci NOT NULL DEFAULT ' ' COMMENT '节点语义ID',
  `Name` varchar(255) CHARACTER SET utf8 COLLATE utf8_general_ci NOT NULL DEFAULT ' ' COMMENT '名称',
  `SortNo` int(11) NOT NULL DEFAULT 0 COMMENT '排序号',
  `Description` varchar(500) CHARACTER SET utf8 COLLATE utf8_general_ci NOT NULL DEFAULT ' ' COMMENT '描述',
  `ParentName` varchar(50) CHARACTER SET utf8 COLLATE utf8_general_ci NULL DEFAULT NULL COMMENT '父节点名称',
  `ParentId` varchar(50) CHARACTER SET utf8 COLLATE utf8_general_ci NULL DEFAULT NULL COMMENT '父节点流ID',
  `AppId` varchar(50) CHARACTER SET utf8 COLLATE utf8_general_ci NULL DEFAULT NULL COMMENT '资源所属应用ID',
  `AppName` varchar(50) CHARACTER SET utf8 COLLATE utf8_general_ci NULL DEFAULT NULL COMMENT '所属应用名称',
  `TypeName` varchar(20) CHARACTER SET utf8 COLLATE utf8_general_ci NULL DEFAULT NULL COMMENT '分类名称',
  `TypeId` varchar(50) CHARACTER SET utf8 COLLATE utf8_general_ci NULL DEFAULT NULL COMMENT '分类ID',
  `Disable` tinyint(1) NOT NULL DEFAULT 0 COMMENT '是否可用',
  `CreateTime` datetime(0) NOT NULL DEFAULT CURRENT_TIMESTAMP(0) COMMENT '创建时间',
  `CreateUserId` varchar(50) CHARACTER SET utf8 COLLATE utf8_general_ci NOT NULL COMMENT '创建人ID',
  `CreateUserName` varchar(200) CHARACTER SET utf8 COLLATE utf8_general_ci NOT NULL COMMENT '创建人',
  `UpdateTime` datetime(0) NULL DEFAULT NULL COMMENT '最后更新时间',
  `UpdateUserId` varchar(50) CHARACTER SET utf8 COLLATE utf8_general_ci NULL DEFAULT NULL COMMENT '最后更新人ID',
  `UpdateUserName` varchar(200) CHARACTER SET utf8 COLLATE utf8_general_ci NULL DEFAULT NULL COMMENT '最后更新人',
  PRIMARY KEY (`Id`) USING BTREE
) ENGINE = InnoDB CHARACTER SET = utf8 COLLATE = utf8_bin COMMENT = '资源表' ROW_FORMAT = Compact;

-- ----------------------------
-- Records of resource
-- ----------------------------
INSERT INTO `resource` VALUES ('SYS_DEL_USER', '.0.2.', '删除用户', 0, '拥有删除OpenAuth.Net系统用户信息的权限', '根节点', NULL, '110', 'OpenAuth.Net', NULL, NULL, 0, '2019-11-23 00:27:58', '00000000-0000-0000-0000-000000000000', '超级管理员', '2019-11-23 00:27:58', '', '');
INSERT INTO `resource` VALUES ('SYS_UPDATE_USER', '.0.1.', '更新用户信息', 0, '拥有更新OpenAuth.Net系统用户信息的权限', '根节点', NULL, '110', 'OpenAuth.Net', NULL, NULL, 0, '2019-11-23 00:27:17', '00000000-0000-0000-0000-000000000000', '超级管理员', '2019-11-23 00:27:12', '', '');
INSERT INTO `resource` VALUES ('SYS_VIEW_USER', '.0.3.', '查看用户列表', 0, '查看OpenAuth.Net用户列表', '根节点', NULL, '110', 'OpenAuth.Net', NULL, NULL, 0, '2019-11-23 00:44:39', '6ba79766-faa0-4259-8139-a4a6d35784e0', 'test', '2019-11-23 00:44:39', '', '');
INSERT INTO `resource` VALUES ('XXX_ADDORDER', '.0.6.', '创建订单', 0, '在XXX平台创建订单', '根节点', NULL, '119', 'XXX管理平台', NULL, NULL, 0, '2019-11-23 00:53:24', '6ba79766-faa0-4259-8139-a4a6d35784e0', 'test', '2019-11-23 00:53:24', '', '');
INSERT INTO `resource` VALUES ('XXX_DEL_LOG', '.0.4.', '删除XXX平台日志', 0, '删除XXX平台日志', '根节点', NULL, '119', 'XXX管理平台', NULL, NULL, 0, '2019-11-23 00:45:02', '6ba79766-faa0-4259-8139-a4a6d35784e0', 'test', '2019-11-23 00:45:02', '', '');
INSERT INTO `resource` VALUES ('XXX_LOGIN', '.0.7.', '登录', 0, '登录XXX平台', '根节点', NULL, '119', 'XXX管理平台', NULL, NULL, 0, '2019-11-23 00:55:20', '00000000-0000-0000-0000-000000000000', '超级管理员', '2019-11-23 00:55:20', '', '');
INSERT INTO `resource` VALUES ('XXX_VIEW_USER', '.0.5.', '查看用户', 0, '查看XXX平台用户列表', '根节点', NULL, '119', 'XXX管理平台', NULL, NULL, 0, '2019-11-23 00:53:01', '6ba79766-faa0-4259-8139-a4a6d35784e0', 'test', '2019-11-23 00:53:01', '', '');

-- ----------------------------
-- Table structure for role
-- ----------------------------
DROP TABLE IF EXISTS `role`;
CREATE TABLE `role`  (
  `Id` varchar(50) CHARACTER SET utf8 COLLATE utf8_general_ci NOT NULL COMMENT 'Id',
  `Name` varchar(255) CHARACTER SET utf8 COLLATE utf8_general_ci NOT NULL COMMENT '角色名称',
  `Status` int(11) NOT NULL COMMENT '当前状态',
  `CreateTime` datetime(0) NOT NULL COMMENT '创建时间',
  `CreateId` varchar(50) CHARACTER SET utf8 COLLATE utf8_general_ci NULL DEFAULT NULL COMMENT '创建人ID',
  `TypeName` varchar(20) CHARACTER SET utf8 COLLATE utf8_general_ci NULL DEFAULT NULL COMMENT '分类名称',
  `TypeId` varchar(50) CHARACTER SET utf8 COLLATE utf8_general_ci NULL DEFAULT NULL COMMENT '分类ID',
  PRIMARY KEY (`Id`) USING BTREE
) ENGINE = InnoDB CHARACTER SET = utf8 COLLATE = utf8_general_ci COMMENT = '角色表' ROW_FORMAT = Compact;

-- ----------------------------
-- Records of role
-- ----------------------------
INSERT INTO `role` VALUES ('09ee2ffa-7463-4938-ae0b-1cb4e80c7c13', '管理员', 1, '2018-04-09 22:48:24', '', '', '');
INSERT INTO `role` VALUES ('0a7ebd0c-78d6-4fbc-8fbe-6fc25c3a932d', '测试', 0, '2018-04-09 22:48:29', '', '', '');
INSERT INTO `role` VALUES ('77e6d0c3-f9e1-4933-92c3-c1c6eef75593', '神', 0, '2018-04-14 13:16:45', '', '', '');
INSERT INTO `role` VALUES ('d27ae3cf-135f-4d57-93a6-2120ddf98650', '测试二组', 0, '2019-11-23 00:46:31', '', '', '');

-- ----------------------------
-- Table structure for stock
-- ----------------------------
DROP TABLE IF EXISTS `stock`;
CREATE TABLE `stock`  (
  `Id` varchar(50) CHARACTER SET utf8 COLLATE utf8_general_ci NOT NULL COMMENT '数据ID',
  `Name` text CHARACTER SET utf8 COLLATE utf8_general_ci NOT NULL COMMENT '产品名称',
  `Number` int(11) NOT NULL COMMENT '产品数量',
  `Price` decimal(10, 1) NOT NULL COMMENT '产品单价',
  `Status` int(11) NOT NULL COMMENT '出库/入库',
  `Viewable` varchar(50) CHARACTER SET utf8 COLLATE utf8_general_ci NOT NULL COMMENT '可见范围',
  `User` varchar(50) CHARACTER SET utf8 COLLATE utf8_general_ci NOT NULL COMMENT '操作人',
  `Time` datetime(0) NOT NULL COMMENT '操作时间',
  `OrgId` varchar(50) CHARACTER SET utf8 COLLATE utf8_general_ci NULL DEFAULT NULL COMMENT '组织ID',
  PRIMARY KEY (`Id`) USING BTREE
) ENGINE = InnoDB CHARACTER SET = utf8 COLLATE = utf8_general_ci COMMENT = '出入库信息表' ROW_FORMAT = Compact;

-- ----------------------------
-- Records of stock
-- ----------------------------

-- ----------------------------
-- Table structure for syslog
-- ----------------------------
DROP TABLE IF EXISTS `syslog`;
CREATE TABLE `syslog`  (
  `Id` varchar(50) CHARACTER SET utf8 COLLATE utf8_general_ci NOT NULL,
  `Content` varchar(1000) CHARACTER SET utf8 COLLATE utf8_general_ci NULL DEFAULT NULL COMMENT '日志内容',
  `TypeName` varchar(20) CHARACTER SET utf8 COLLATE utf8_general_ci NULL DEFAULT NULL COMMENT '分类名称',
  `TypeId` varchar(50) CHARACTER SET utf8 COLLATE utf8_general_ci NULL DEFAULT NULL COMMENT '分类ID',
  `Href` varchar(200) CHARACTER SET utf8 COLLATE utf8_general_ci NULL DEFAULT NULL COMMENT '操作所属模块地址',
  `CreateTime` datetime(0) NOT NULL DEFAULT CURRENT_TIMESTAMP(0) COMMENT '记录时间',
  `CreateId` varchar(50) CHARACTER SET utf8 COLLATE utf8_general_ci NOT NULL COMMENT '操作人ID',
  `CreateName` varchar(200) CHARACTER SET utf8 COLLATE utf8_general_ci NULL DEFAULT NULL COMMENT '操作人',
  `Ip` varchar(20) CHARACTER SET utf8 COLLATE utf8_general_ci NULL DEFAULT NULL COMMENT '操作机器的IP地址',
  `Result` int(11) NOT NULL DEFAULT 0 COMMENT '操作的结果：0：成功；1：失败；',
  `Application` varchar(50) CHARACTER SET utf8 COLLATE utf8_general_ci NULL DEFAULT NULL COMMENT '所属应用',
  PRIMARY KEY (`Id`) USING BTREE
) ENGINE = InnoDB CHARACTER SET = utf8 COLLATE = utf8_bin COMMENT = '系统日志' ROW_FORMAT = Compact;

-- ----------------------------
-- Records of syslog
-- ----------------------------

-- ----------------------------
-- Table structure for sysmessage
-- ----------------------------
DROP TABLE IF EXISTS `sysmessage`;
CREATE TABLE `sysmessage`  (
  `Id` varchar(50) CHARACTER SET utf8 COLLATE utf8_general_ci NOT NULL,
  `TypeName` varchar(20) CHARACTER SET utf8 COLLATE utf8_general_ci NULL DEFAULT NULL,
  `TypeId` varchar(50) CHARACTER SET utf8 COLLATE utf8_general_ci NULL DEFAULT NULL,
  `FromId` varchar(50) CHARACTER SET utf8 COLLATE utf8_general_ci NULL DEFAULT NULL,
  `ToId` varchar(50) CHARACTER SET utf8 COLLATE utf8_general_ci NOT NULL,
  `FromName` varchar(50) CHARACTER SET utf8 COLLATE utf8_general_ci NULL DEFAULT NULL,
  `ToName` varchar(50) CHARACTER SET utf8 COLLATE utf8_general_ci NULL DEFAULT NULL,
  `FromStatus` int(11) NOT NULL DEFAULT 0 COMMENT '-1:已删除；0:默认',
  `ToStatus` int(11) NOT NULL DEFAULT 0 COMMENT '-1:已删除；0:默认未读；1：已读',
  `Href` varchar(200) CHARACTER SET utf8 COLLATE utf8_general_ci NULL DEFAULT NULL COMMENT '点击消息跳转的页面等',
  `Title` varchar(200) CHARACTER SET utf8 COLLATE utf8_general_ci NULL DEFAULT NULL,
  `Content` varchar(1000) CHARACTER SET utf8 COLLATE utf8_general_ci NULL DEFAULT NULL,
  `CreateTime` datetime(0) NOT NULL DEFAULT CURRENT_TIMESTAMP(0),
  `CreateId` varchar(50) CHARACTER SET utf8 COLLATE utf8_general_ci NULL DEFAULT NULL,
  PRIMARY KEY (`Id`) USING BTREE
) ENGINE = InnoDB CHARACTER SET = utf8 COLLATE = utf8_bin COMMENT = '系统消息表' ROW_FORMAT = Compact;

-- ----------------------------
-- Records of sysmessage
-- ----------------------------

-- ----------------------------
-- Table structure for uploadfile
-- ----------------------------
DROP TABLE IF EXISTS `uploadfile`;
CREATE TABLE `uploadfile`  (
  `Id` varchar(50) CHARACTER SET utf8 COLLATE utf8_general_ci NOT NULL COMMENT 'Id',
  `FileName` varchar(200) CHARACTER SET utf8 COLLATE utf8_general_ci NOT NULL COMMENT '文件名称',
  `FilePath` text CHARACTER SET utf8 COLLATE utf8_general_ci NOT NULL COMMENT '文件路径',
  `Description` varchar(200) CHARACTER SET utf8 COLLATE utf8_general_ci NULL DEFAULT NULL COMMENT '描述',
  `FileType` varchar(20) CHARACTER SET utf8 COLLATE utf8_general_ci NULL DEFAULT NULL COMMENT '文件类型',
  `FileSize` int(11) NULL DEFAULT NULL COMMENT '文件大小',
  `Extension` varchar(20) CHARACTER SET utf8 COLLATE utf8_general_ci NULL DEFAULT NULL COMMENT '扩展名称',
  `Enable` tinyint(4) NOT NULL COMMENT '是否可用',
  `SortCode` int(11) NOT NULL COMMENT '排序',
  `DeleteMark` tinyint(4) NOT NULL COMMENT '删除标识',
  `CreateUserId` char(36) CHARACTER SET utf8 COLLATE utf8_general_ci NULL DEFAULT NULL COMMENT '上传人',
  `CreateUserName` varchar(50) CHARACTER SET utf8 COLLATE utf8_general_ci NULL DEFAULT NULL COMMENT '上传人姓名',
  `CreateTime` datetime(0) NOT NULL COMMENT '上传时间',
  `Thumbnail` text CHARACTER SET utf8 COLLATE utf8_general_ci NULL COMMENT '缩略图',
  `BelongApp` varchar(200) CHARACTER SET utf8 COLLATE utf8_general_ci NULL DEFAULT NULL COMMENT '所属应用',
  `BelongAppId` varchar(50) CHARACTER SET utf8 COLLATE utf8_general_ci NULL DEFAULT NULL COMMENT '所属应用ID',
  PRIMARY KEY (`Id`) USING BTREE
) ENGINE = InnoDB CHARACTER SET = utf8 COLLATE = utf8_general_ci COMMENT = '文件' ROW_FORMAT = Compact;

-- ----------------------------
-- Records of uploadfile
-- ----------------------------

-- ----------------------------
-- Table structure for user
-- ----------------------------
DROP TABLE IF EXISTS `user`;
CREATE TABLE `user`  (
  `Id` varchar(50) CHARACTER SET utf8 COLLATE utf8_general_ci NOT NULL COMMENT '流水号',
  `Account` varchar(255) CHARACTER SET utf8 COLLATE utf8_general_ci NOT NULL COMMENT '用户登录帐号',
  `Password` varchar(255) CHARACTER SET utf8 COLLATE utf8_general_ci NOT NULL COMMENT '密码',
  `Name` varchar(255) CHARACTER SET utf8 COLLATE utf8_general_ci NOT NULL COMMENT '用户姓名',
  `Sex` int(11) NOT NULL COMMENT '性别',
  `Status` int(11) NOT NULL COMMENT '用户状态',
  `BizCode` varchar(255) CHARACTER SET utf8 COLLATE utf8_general_ci NOT NULL COMMENT '业务对照码',
  `CreateTime` datetime(0) NOT NULL COMMENT '经办时间',
  `CreateId` varchar(50) CHARACTER SET utf8 COLLATE utf8_general_ci NULL DEFAULT NULL COMMENT '创建人',
  `TypeName` varchar(20) CHARACTER SET utf8 COLLATE utf8_general_ci NULL DEFAULT NULL COMMENT '分类名称',
  `TypeId` varchar(50) CHARACTER SET utf8 COLLATE utf8_general_ci NULL DEFAULT NULL COMMENT '分类ID',
  PRIMARY KEY (`Id`) USING BTREE
) ENGINE = InnoDB CHARACTER SET = utf8 COLLATE = utf8_general_ci COMMENT = '用户基本信息表' ROW_FORMAT = Compact;

-- ----------------------------
-- Records of user
-- ----------------------------
INSERT INTO `user` VALUES ('0ceff0f8-f848-440c-bc26-d8605ac858cd', 'test5', 'test5', 'test5', 1, 1, '', '2018-03-15 09:19:05', '', '', '');
INSERT INTO `user` VALUES ('1df68dfd-3b6d-4491-872f-00a0fc6c5a64', 'test4', 'test4', 'test4', 1, 1, '', '2017-12-12 14:07:11', '', '', '');
INSERT INTO `user` VALUES ('229f3a49-ab27-49ce-b383-9f10ca23a9d5', 'test3', 'test3', 'test3', 1, 1, '', '2017-12-12 14:07:05', '', '', '');
INSERT INTO `user` VALUES ('49df1602-f5f3-4d52-afb7-3802da619558', 'admin', 'admin', 'admin', 1, 0, '', '2017-12-11 16:18:54', '', '', '');
INSERT INTO `user` VALUES ('6ba79766-faa0-4259-8139-a4a6d35784e0', 'test', 'test', 'test', 1, 0, '', '2017-12-11 16:19:00', '', '', '');
INSERT INTO `user` VALUES ('758a34c7-5a31-438c-bdf7-02fdd846b901', 'test77', 'test77', 'test77', 0, 0, '', '2019-10-31 21:59:08', '00000000-0000-0000-0000-000000000000', '', '');
INSERT INTO `user` VALUES ('96f63f9d-e8c8-4258-963e-3327ed7d6f56', 'test66', 'test66', 'test66', 0, 0, '', '2019-10-31 21:58:43', '00000000-0000-0000-0000-000000000000', '', '');
INSERT INTO `user` VALUES ('de8be521-f1ec-4483-b124-0be342890507', 'test2', 'test2', 'test2', 1, 0, '', '2017-12-11 16:19:06', '', '', '');

-- ----------------------------
-- Table structure for wmsinboundorderdtbl
-- ----------------------------
DROP TABLE IF EXISTS `wmsinboundorderdtbl`;
CREATE TABLE `wmsinboundorderdtbl`  (
  `Id` varchar(50) CHARACTER SET utf8 COLLATE utf8_general_ci NOT NULL COMMENT '入库通知单明细号',
  `OrderId` varchar(50) CHARACTER SET utf8 COLLATE utf8_general_ci NOT NULL COMMENT '入库通知单号',
  `Price` decimal(18, 6) NULL DEFAULT NULL COMMENT '含税单价',
  `PriceNoTax` decimal(18, 6) NULL DEFAULT NULL COMMENT '无税单价',
  `InStockStatus` tinyint(1) NOT NULL DEFAULT 0 COMMENT '是否收货中(0:非收货中,1:收货中)',
  `AsnStatus` int(11) NOT NULL DEFAULT 1 COMMENT '到货状况(SYS_GOODSARRIVESTATUS)',
  `GoodsId` varchar(50) CHARACTER SET utf8 COLLATE utf8_general_ci NOT NULL COMMENT '商品编号',
  `GoodsBatch` varchar(50) CHARACTER SET utf8 COLLATE utf8_general_ci NOT NULL COMMENT '商品批号',
  `QualityFlg` varchar(50) CHARACTER SET utf8 COLLATE utf8_general_ci NOT NULL COMMENT '品质(SYS_QUALITYFLAG)',
  `OrderNum` decimal(18, 2) NOT NULL DEFAULT 0.00 COMMENT '通知数量',
  `InNum` decimal(18, 2) NOT NULL DEFAULT 0.00 COMMENT '到货数量',
  `LeaveNum` decimal(18, 2) NOT NULL DEFAULT 0.00 COMMENT '剩余数量',
  `HoldNum` decimal(18, 2) NOT NULL DEFAULT 0.00 COMMENT '占用数量',
  `ProdDate` varchar(30) CHARACTER SET utf8 COLLATE utf8_general_ci NULL DEFAULT NULL COMMENT '生产日期',
  `ExpireDate` varchar(30) CHARACTER SET utf8 COLLATE utf8_general_ci NULL DEFAULT NULL COMMENT '失效日期',
  `TaxRate` decimal(10, 2) NULL DEFAULT NULL COMMENT '税率',
  `OwnerId` varchar(32) CHARACTER SET utf8 COLLATE utf8_general_ci NOT NULL COMMENT '货主编号',
  `Remark` varchar(128) CHARACTER SET utf8 COLLATE utf8_general_ci NULL DEFAULT NULL COMMENT '备注',
  `CreateTime` datetime(0) NOT NULL DEFAULT CURRENT_TIMESTAMP(0) COMMENT '创建时间',
  `CreateUserId` varchar(50) CHARACTER SET utf8 COLLATE utf8_general_ci NOT NULL COMMENT '创建人ID',
  `CreateUserName` varchar(200) CHARACTER SET utf8 COLLATE utf8_general_ci NOT NULL COMMENT '创建人',
  `UpdateTime` datetime(0) NULL DEFAULT NULL COMMENT '最后更新时间',
  `UpdateUserId` varchar(50) CHARACTER SET utf8 COLLATE utf8_general_ci NULL DEFAULT NULL COMMENT '最后更新人ID',
  `UpdateUserName` varchar(200) CHARACTER SET utf8 COLLATE utf8_general_ci NULL DEFAULT NULL COMMENT '最后更新人',
  PRIMARY KEY (`Id`, `OrderId`) USING BTREE
) ENGINE = InnoDB CHARACTER SET = utf8 COLLATE = utf8_bin COMMENT = '入库通知单明细' ROW_FORMAT = Compact;

-- ----------------------------
-- Records of wmsinboundorderdtbl
-- ----------------------------
INSERT INTO `wmsinboundorderdtbl` VALUES ('09a939ad-7e40-42f2-b0b3-fa9b74f94897', '20190035RK0001', 77.000000, 73.210000, 0, 0, '', '10045', '', 32.00, 0.00, 0.00, 0.00, '', '', 0.00, '', '', '2019-11-06 10:37:38', '00000000-0000-0000-0000-000000000000', '超级管理员', '2019-11-23 01:29:59', '00000000-0000-0000-0000-000000000000', '超级管理员');
INSERT INTO `wmsinboundorderdtbl` VALUES ('1e547556-9549-44d5-9da3-c07d98b5943e', '2019102203RK0003', 10.000000, 6.000000, 0, 0, '', '', '', 0.00, 0.00, 0.00, 0.00, '', '', 0.00, '', '', '2019-11-07 01:00:35', '00000000-0000-0000-0000-000000000000', '超级管理员', '2019-11-23 01:29:00', '00000000-0000-0000-0000-000000000000', '超级管理员');
INSERT INTO `wmsinboundorderdtbl` VALUES ('2ae93007-1490-4e81-b410-957fc08e2371', '2019102203RK0001', 25.000000, 22.500000, 0, 0, '', '100011', '', 0.00, 0.00, 0.00, 0.00, '', '', 0.00, '', '', '2019-11-06 10:32:10', '00000000-0000-0000-0000-000000000000', '超级管理员', '2019-11-23 01:28:47', '00000000-0000-0000-0000-000000000000', '超级管理员');
INSERT INTO `wmsinboundorderdtbl` VALUES ('30eb475b-ed86-4106-88f0-47a5a32ec8aa', 'TEST_002', 10.000000, 10.000000, 0, 1, '', 'CJ-334', '', 10.00, 8.00, 2.00, 0.00, '2019-11-22', '', 0.00, '', '', '2019-11-23 01:26:54', '6ba79766-faa0-4259-8139-a4a6d35784e0', 'test', '2019-11-23 01:26:54', '', '');
INSERT INTO `wmsinboundorderdtbl` VALUES ('56b5612c-e048-4650-9710-4b235731d548', '20190035RK0001', 62.000000, 60.230000, 0, 0, '', '133521', '', 10.00, 0.00, 0.00, 0.00, '', '', 0.00, '', '', '2019-11-06 10:37:38', '00000000-0000-0000-0000-000000000000', '超级管理员', '2019-11-23 01:29:59', '00000000-0000-0000-0000-000000000000', '超级管理员');
INSERT INTO `wmsinboundorderdtbl` VALUES ('5e7d6ef8-351a-4600-849e-3958588161a7', '20190035RK0001', 55.000000, 54.230000, 0, 0, '', 'FK85122', '', 14.00, 0.00, 0.00, 0.00, '', '', 0.00, '', '', '2019-11-06 10:37:38', '00000000-0000-0000-0000-000000000000', '超级管理员', '2019-11-23 01:29:59', '00000000-0000-0000-0000-000000000000', '超级管理员');
INSERT INTO `wmsinboundorderdtbl` VALUES ('78c0a896-8341-47d4-b6d2-f241cec9fb58', 'TEST_001', 998.500000, 985.000000, 0, 1, '', 'CJ-P-4446', '', 500.00, 500.00, 0.00, 0.00, '2019-11-22', '2020-11-12', 6.00, '', '', '2019-11-23 01:27:49', '6ba79766-faa0-4259-8139-a4a6d35784e0', 'test', '2019-11-23 01:29:38', '00000000-0000-0000-0000-000000000000', '超级管理员');
INSERT INTO `wmsinboundorderdtbl` VALUES ('95d6d2a8-0e17-426b-97f3-3c8a82bca313', '20190035RK0001', 15.000000, 13.220000, 0, 0, '', '10052', '', 52.00, 0.00, 0.00, 0.00, '', '', 0.00, '', '', '2019-11-06 10:37:38', '00000000-0000-0000-0000-000000000000', '超级管理员', '2019-11-23 01:29:59', '00000000-0000-0000-0000-000000000000', '超级管理员');
INSERT INTO `wmsinboundorderdtbl` VALUES ('b195386a-4f09-4e31-9d72-8e94526f9419', '2019102203RK0133', 200.000000, 199.000000, 0, 0, '', '', '', 0.00, 0.00, 0.00, 0.00, '', '', 0.00, '', '', '2019-11-07 01:24:11', '00000000-0000-0000-0000-000000000000', '超级管理员', '2019-11-07 01:24:11', '', '');
INSERT INTO `wmsinboundorderdtbl` VALUES ('ca470c60-9231-4c13-b51b-ad90c39633ae', '2019102203RK0187', 22.220000, 20.000000, 0, 0, '', '', '', 0.00, 0.00, 0.00, 0.00, '', '', 0.00, '', '', '2019-11-07 01:03:27', '00000000-0000-0000-0000-000000000000', '超级管理员', '2019-11-23 01:29:48', '00000000-0000-0000-0000-000000000000', '超级管理员');
INSERT INTO `wmsinboundorderdtbl` VALUES ('d19df810-5c47-4a32-a3a5-c908da60bf8b', 'TEST_002', 6.670000, 6.000000, 0, 1, '', 'CJ-335', '', 54.00, 54.00, 0.00, 0.00, '', '', 0.00, '', '', '2019-11-23 01:26:54', '6ba79766-faa0-4259-8139-a4a6d35784e0', 'test', '2019-11-23 01:26:54', '', '');
INSERT INTO `wmsinboundorderdtbl` VALUES ('dc0f9da2-0e0e-4dc3-9e59-2b0d51e53211', '2019102203RK0001', 10.000000, 8.000000, 0, 1, '', '100010', '', 0.00, 0.00, 0.00, 0.00, '', '', 0.00, '', '', '2019-11-06 10:32:10', '00000000-0000-0000-0000-000000000000', '超级管理员', '2019-11-23 01:28:47', '00000000-0000-0000-0000-000000000000', '超级管理员');
INSERT INTO `wmsinboundorderdtbl` VALUES ('fcf051d3-5c00-4617-895f-e45891d975df', '2019102203RK0002', 22.520000, 18.990000, 0, 1, '', '100020', '', 10.00, 0.00, 0.00, 0.00, '', '', 0.00, '', '', '2019-11-06 10:32:45', '00000000-0000-0000-0000-000000000000', '超级管理员', '2019-11-23 01:28:53', '00000000-0000-0000-0000-000000000000', '超级管理员');

-- ----------------------------
-- Table structure for wmsinboundordertbl
-- ----------------------------
DROP TABLE IF EXISTS `wmsinboundordertbl`;
CREATE TABLE `wmsinboundordertbl`  (
  `Id` varchar(50) CHARACTER SET utf8 COLLATE utf8_general_ci NOT NULL COMMENT '入库通知单号',
  `ExternalNo` varchar(50) CHARACTER SET utf8 COLLATE utf8_general_ci NULL DEFAULT NULL COMMENT '相关单据号',
  `ExternalType` varchar(50) CHARACTER SET utf8 COLLATE utf8_general_ci NULL DEFAULT NULL COMMENT '相关单据类型',
  `Status` int(11) NOT NULL DEFAULT 0 COMMENT '入库通知单状态(SYS_INSTCINFORMSTATUS)',
  `OrderType` varchar(50) CHARACTER SET utf8 COLLATE utf8_general_ci NOT NULL COMMENT '入库类型(SYS_INSTCTYPE)',
  `GoodsType` varchar(50) CHARACTER SET utf8 COLLATE utf8_general_ci NULL DEFAULT NULL COMMENT '商品类别',
  `PurchaseNo` varchar(30) CHARACTER SET utf8 COLLATE utf8_general_ci NULL DEFAULT NULL COMMENT '采购单号',
  `StockId` varchar(12) CHARACTER SET utf8 COLLATE utf8_general_ci NOT NULL COMMENT '仓库编号',
  `OwnerId` varchar(50) CHARACTER SET utf8 COLLATE utf8_general_ci NULL DEFAULT NULL COMMENT '货主编号(固定值CQM)',
  `ShipperId` varchar(50) CHARACTER SET utf8 COLLATE utf8_general_ci NULL DEFAULT NULL COMMENT '承运人编号',
  `SupplierId` varchar(50) CHARACTER SET utf8 COLLATE utf8_general_ci NULL DEFAULT NULL COMMENT '供应商编号',
  `ScheduledInboundTime` datetime(0) NULL DEFAULT NULL COMMENT '预定入库时间',
  `Remark` varchar(256) CHARACTER SET utf8 COLLATE utf8_general_ci NULL DEFAULT NULL COMMENT '备注',
  `Enable` tinyint(1) NOT NULL DEFAULT 1 COMMENT '有效标志',
  `TransferType` varchar(50) CHARACTER SET utf8 COLLATE utf8_general_ci NULL DEFAULT NULL COMMENT '承运方式',
  `InBondedArea` tinyint(1) NOT NULL DEFAULT 0 COMMENT '是否入保税库(0:否,1:是)',
  `ReturnBoxNum` decimal(8, 0) NOT NULL DEFAULT 0 COMMENT '销退箱数',
  `CreateTime` datetime(0) NOT NULL DEFAULT CURRENT_TIMESTAMP(0) COMMENT '创建时间',
  `CreateUserId` varchar(50) CHARACTER SET utf8 COLLATE utf8_general_ci NOT NULL COMMENT '创建人ID',
  `CreateUserName` varchar(200) CHARACTER SET utf8 COLLATE utf8_general_ci NOT NULL COMMENT '创建人',
  `UpdateTime` datetime(0) NULL DEFAULT NULL COMMENT '最后更新时间',
  `UpdateUserId` varchar(50) CHARACTER SET utf8 COLLATE utf8_general_ci NULL DEFAULT NULL COMMENT '最后更新人ID',
  `UpdateUserName` varchar(200) CHARACTER SET utf8 COLLATE utf8_general_ci NULL DEFAULT NULL COMMENT '最后更新人',
  `OrgId` varchar(50) CHARACTER SET utf8 COLLATE utf8_bin NULL DEFAULT NULL COMMENT '所属部门',
  PRIMARY KEY (`Id`) USING BTREE
) ENGINE = InnoDB CHARACTER SET = utf8 COLLATE = utf8_bin COMMENT = '入库通知单（入库订单）' ROW_FORMAT = Compact;

-- ----------------------------
-- Records of wmsinboundordertbl
-- ----------------------------
INSERT INTO `wmsinboundordertbl` VALUES ('20190035RK0001', '20190035RK0001', '', 1, 'SYS_INBOUNDTYPE_SAMPLE', '不合格', '20190035RK0001', '', '', '', '', '2019-11-20 00:00:00', '', 1, 'SYS_SHIPTYPE_FREIGHT', 1, 0, '2019-11-06 10:33:17', '00000000-0000-0000-0000-000000000000', '超级管理员', '2019-11-23 01:29:59', '00000000-0000-0000-0000-000000000000', '超级管理员', NULL);
INSERT INTO `wmsinboundordertbl` VALUES ('20190035RK0002', '20190035RK0002', '', 0, '样品入库', '特殊药品', '20190035RK0002', '', '', '', '', '2019-11-14 00:00:00', '', 1, 'SYS_SHIPTYPE_FREIGHT', 1, 0, '2019-11-06 10:34:58', '00000000-0000-0000-0000-000000000000', '超级管理员', '2019-11-23 01:30:07', '00000000-0000-0000-0000-000000000000', '超级管理员', NULL);
INSERT INTO `wmsinboundordertbl` VALUES ('2019102203RK0001', '2019102203RK0001', '1', 1, '普通入库', '普通商品', '2019102203RK0001', 'BJ003', 'CDC001', 'SF', 'SF', '2019-10-10 00:00:00', '', 1, 'SYS_SHIPTYPE_FREIGHT', 0, 1, '2019-10-31 21:27:14', '00000000-0000-0000-0000-000000000000', '超级管理员', '2019-11-23 01:28:47', '00000000-0000-0000-0000-000000000000', '超级管理员', NULL);
INSERT INTO `wmsinboundordertbl` VALUES ('2019102203RK0002', '2019102203RK0002', '1', 1, '普通入库', '普通商品', '2019102203RK0002', 'BJ003', 'CDC001', 'SF', 'SF', '2019-10-10 00:00:00', '', 1, 'SYS_SHIPTYPE_NORMAL', 1, 20, '2019-10-31 21:27:14', '00000000-0000-0000-0000-000000000000', '超级管理员', '2019-11-23 01:28:53', '00000000-0000-0000-0000-000000000000', '超级管理员', NULL);
INSERT INTO `wmsinboundordertbl` VALUES ('2019102203RK0003', '2019102203RK0003', '1', 1, 'SYS_INBOUNDTYPE_RETURN', '普通商品', '2019102203RK0003', 'BJ003', 'CDC001', 'SF', 'SF', '2019-10-10 00:00:00', '', 1, 'SYS_SHIPTYPE_EMS', 0, 1, '2019-10-31 21:27:14', '00000000-0000-0000-0000-000000000000', '超级管理员', '2019-11-23 01:29:00', '00000000-0000-0000-0000-000000000000', '超级管理员', NULL);
INSERT INTO `wmsinboundordertbl` VALUES ('2019102203RK0133', '2019102203RK0133', '', 0, 'SYS_INBOUNDTYPE_SAMPLE', 'SYS_GOODSTYPE_COMMON', '2019102203RK0133', '', '', '001', '', '2019-11-26 00:00:00', '', 1, 'SYS_SHIPTYPE_EMS', 1, 0, '2019-11-07 01:24:11', '00000000-0000-0000-0000-000000000000', '超级管理员', '2019-11-07 01:24:11', '', '', NULL);
INSERT INTO `wmsinboundordertbl` VALUES ('2019102203RK0187', '2019102203RK0187', '', 1, 'SYS_INBOUNDTYPE_PURCHASE', 'SYS_GOODSTYPE_MEDINSTR', '2019102203RK0187', '', '', '', '', NULL, '', 1, 'SYS_SHIPTYPE_NORMAL', 1, 0, '2019-11-07 01:03:27', '00000000-0000-0000-0000-000000000000', '超级管理员', '2019-11-23 01:29:48', '00000000-0000-0000-0000-000000000000', '超级管理员', NULL);
INSERT INTO `wmsinboundordertbl` VALUES ('TEST_001', 'TEST_001', NULL, 0, 'SYS_INBOUNDTYPE_PURCHASE', 'SYS_GOODSTYPE_BIOLPROD', 'TEST_001', '001', 'BJ02', NULL, NULL, NULL, NULL, 0, 'SYS_SHIPTYPE_NORMAL', 0, 0, '2019-11-23 01:25:08', '6ba79766-faa0-4259-8139-a4a6d35784e0', 'test', '2019-11-23 01:29:38', '00000000-0000-0000-0000-000000000000', '超级管理员', NULL);
INSERT INTO `wmsinboundordertbl` VALUES ('TEST_002', 'TEST_002', '', 0, 'SYS_INBOUNDTYPE_PURCHASE', 'SYS_GOODSTYPE_COMMON', 'TEST_002', '002', '', '', '', '2019-11-12 00:00:00', '', 0, 'SYS_SHIPTYPE_EMS', 1, 0, '2019-11-23 01:26:54', '6ba79766-faa0-4259-8139-a4a6d35784e0', 'test', '2019-11-23 01:26:54', '', '', NULL);

SET FOREIGN_KEY_CHECKS = 1;
